3 Schténg	high fermentation	6%	Brasserie Grain d'Orge
IV Saison	saison	6.5%	Brasserie de Jandrain-Jandrenouille
V Cense	high fermentation	7.5%	Brasserie de Jandrain-Jandrenouille
VI Wheat	high fermentation, wheat beer	6%	Brasserie de Jandrain-Jandrenouille
Aardmonnik	oud bruin	8%	De Struise Brouwers
Aarschotse Bruine	brown ale	6%	Stadsbrouwerij Aarschot
Abbay d'Aulne Blonde des Pères 6	Abbey Beer, blond	6%	Brasserie Val de Sambre
Abbay d'Aulne Brune des Pères 6	Abbey Beer, bruin	6%	Brasserie Val de Sambre
Abbay d'Aulne Super Noël 9	Abbey Beer, kerstbier	9%	Brasserie Val de Sambre
Abbay d'Aulne Triple Blonde	Abbey Beer, tripel	8%	Brasserie Val de Sambre
Abbay d'Aulne Triple Brune	Abbey Beer, tripel	8%	Brasserie Val de Sambre
Abbay d'Aulne Val de Sambre	Abbey Beer, amber	6.4%	Brasserie Val de Sambre
Abbaye de Bonne-Espérance	Abbey Beer	7.8%	brewery Lefebvre
Abbaye de Forest	Abbey Beer, tripel	6.5%	Brasserie de Silly
Abbaye de la Thure	Abbey Beer	10%	Brasserie Brootcoorens
Abbaye de Saint-Martin Blonde	Abbey Beer	7%	Brasserie de Brunehaut
Abbaye de Saint-Martin Brune	Abbey Beer	8%	Brasserie de Brunehaut
Abbaye de Saint-Martin Cuvée de Noël	Abbey Beer, kerstbier	8.5%	Brasserie de Brunehaut
Abbaye de Saint-Martin Triple	Abbey Beer, tripel	9%	Brasserie de Brunehaut
Abbaye de Oudkerken	Abbey Beer	6.2%	brewery Lefebvre
Abbaye des Rocs Blonde	Abbey Beer, high fermentation	7.5%	Brasserie de l'Abbaye des Rocs
Abbaye des Rocs Brune	Abbey Beer bruin	9%	Brasserie de l'Abbaye des Rocs
Abbaye des Rocs Grand Cru	Abbey Beer ale	9.5%	Brasserie de l'Abbaye des Rocs
Abbaye des Rocs Spéciale Noël	Abbey Beer, kerstbier	9%	Brasserie de l'Abbaye des Rocs
Abdis Blond	blond	6.5%	Brewery Riva
Abdis Bruin	bruin	6.5%	Brewery Riva
Abdis Tripel	tripel	8.2%	Brewery Riva
Abdij van Roosenberg Dubbel	dubbel	7%	Brewery Van Steenberge
Abdij van Roosenberg Tripel	Tripel	9%	brewery Van Steenberge
Achel 5 Blond	trappist, blond	5%	Achelse Kluis
Achel 5 Bruin	trappist, bruin	5%	Achelse Kluis
Achel 8 Blond	trappist, blond	8%	Achelse Kluis
Achel 8 Bruin	trappist, bruin	8%	Achelse Kluis
Achel Blond Extra	trappist, blond	9.5%	Achelse Kluis
Achel Bruin Extra	trappist, bruin	9.5%	Achelse Kluis
Adelardus	Abbey Beer	7%	Brewery Sint-Jozef voor Brewery Kerkom
Adelardus Tripel	Abbey Beer, tripel	9%	Brewery Sint-Jozef voor Brewery Kerkom
Adler	pils	6.5%	Brewery Haacht
Adriaen Brouwer	high fermentation, bruin	5%	Brewery Roman
Adriaen Brouwer Dark Gold	high fermentation, bruin	8.5%	Brewery Roman
Affligem Blond	Abbey Beer, blond	6.8%	Affligem Brewery (vroeger Brewery De Smedt nu deel van Heineken)
Affligem Dubbel	Abbey Beer, bruin	6.8%	Affligem Brewery (Heineken)
Affligem 950 Cuvee	Abbey Beer, blond	6.8%	Affligem Brewery (Heineken)
Affligem Noël	Abbey Beer, kerstbier	9%	Affligem Brewery (Heineken)
Affligem Patersvat	Abbey Beer, dubbel gehopt	6.8%	Affligem Brewery (Heineken)
Affligem Tripel	Abbey Beer, tripel	8.5%	Affligem Brewery (Heineken)
Agrumbocq	high fermentation, witbier, fruitbier	3.1%	Brasserie du Bocq
Alpaïde	donkere tripel	10%	Brewery Nieuwhuys
Alpaïde Cuvée van de generaal	blonde tripel	8.5%	Brewery Nieuwhuys
Akila Pils	pils	5%	Brewery Louwaege
Alfri	NA pils	0.5%	Brewery Roman
Altitude 6	ale, blond	6%	Brasserie de l'Abbaye des Rocs
Alvinne Extra Restyled	lichtamber	7%	Brewery Alvinne
Alvinne Lex'ke	blond	6.3%	Brewery Alvinne
Alvinne Tripel	tripel	8.7%	Brewery Alvinne
Alvino Bourgogne Barrel OA	fruitbier, oak aged	5.5%	Brewery Alvinne
Ambetanterik	stout	8.7%	Brewery Het Alternatief bij Brewery Alvinne
Ambiorix	roodbruin	8%	Brewery Slaghmuylder
Angélus Blonde	blond	7%	Brasserie Brootcoorens
Angélus Brune	bruin	7%	Brasserie Brootcoorens
Angélus Spéciale Noël	kerstbier	9%	Brasserie Brootcoorens
Anker Blond	blond	6.5%	Brewery Het Anker
Anker Boscoulis	fruitbier	6.5%	Brewery Het Anker
Anker Herfstbok	bruin speciaalbier, bokbier	6.5%	Brewery Het Anker
Anker Pils	pils	5%	Brewery Het Anker
Antiek Blond	blond	8%	Brewery Deca
Antiek Bruin	bruin	8%	Brewery Deca
Antiek Super 5 Blond	blond	5%	Brewery Deca
Antwerps Blond	blond	5%	Huisbrouwerij 't Pakhuis
Antwerps Bruin	bruin	5.8%	Huisbrouwerij 't Pakhuis
Applebocq	fruitbier	3.1%	Brasserie Du Bocq
Arabier	blond	8%	De Dolle Brouwers
Archiduc		6.2%	Brasserie d'Ecaussinnes
Arend Blond	blond	6.5%	Brewery De Ryck
Arend Dubbel	donkerbruin	6.5%	Brewery De Ryck
Arend Tripel	goudblond	8%	Brewery De Ryck
Arend Winter	donkeramber	6.3%	Brewery De Ryck
Arendonker Bruin	bruin	8.5%	Dorpsbrouwerij Humulus
Arendonker Tripel	goudblond	8%	Dorpsbrouwerij Humulus
Armand’4 Herfst	oude geuze	6%	Geuzestekerij 3 Fonteinen
Armand’4 Lente	oude geuze	6%	Geuzestekerij 3 Fonteinen
Armand’4 Winter	oude geuze	6%	Geuzestekerij 3 Fonteinen
Armand’4 Zomer	oude geuze	6%	Geuzestekerij 3 Fonteinen
Artevelde	Speciale Belge	5.7%	Brewery Huyghe
Artevelde Grand Cru	roodbruin	7.2%	Brewery Huyghe
Asterie	witbier	4.0%	Brasserie d'Ecaussinnes
Atomium Premier Grand Cru	amber	8%	Brewery Van Steenberge
Augrenette	blond	4.5%	Brewery Augrenoise
Augrenoise	troebel blond	6.5%	Brewery Augrenoise
Augrenoise Blonde de Noël	troebel blond, kerstbier	10%	Brewery Augrenoise
Augustijn Blond	Abbey Beer	7.5%	Brewery Van Steenberge
Augustijn Donker	Abbey Beer	7%	Brewery Van Steenberge
Augustijn Grand Cru	Abbey Beer, tripel	9%	Brewery Van Steenberge
Authentic 621	bruin	7.5%	Authentique Brasserie
Authentic Ambrée	amber	5%	Authentique Brasserie
Authentic Blonde	blond	6.5%	Authentique Brasserie
Authentic Blonde de Noël	kerstbier	9%	Authentique Brasserie
Authentic Triple	tripel	9.5%	Authentique Brasserie
L'Autruche Biere des Gilles	blond troebel	7%	Brasserie de Silenrieux
Bacchus	oud bruin	4.5%	Brewery Van Honsebrouck
Bacchus Frambozenbier	fruitbier	5%	Brewery Van Honsebrouck
Bacchus Kriekenbier	fruitbier	5.8%	Brewery Van Honsebrouck
Balthazar	winterbier	8.9%	Brewery Alvinne
Barbãr	blond, honingbier	8%	Brewery Lefebvre
Barbãr Winter Bok	bokbier, honingbier	8%	Brewery Lefebvre
Barbe d'Or (Goldbeard)	blond	7.5%	Brewery Verhaeghe
Barbe Noire (Blackbeard)	stout	9%	Brewery Verhaeghe
Barbe Rouge (Redbeard)	amber	8%	Brewery Verhaeghe
Bas	goudblond	6.5%	De Proefbrouwerij voor bierfirma Bas-bieren
Bastogne Pale Ale	Belgian IPA	6.5%	Brasserie de Bastogne
Basilius	amber	7%	De Proefbrouwerij voor ’t Brugs Bierinstituut
Bavaro	blond, lage gisting	3.6%	Brewery Haacht
Bavik Blond	tafelbier	1.5%	Brewery Bavik
Bavik Faro	tafelbier	1.5%	Brewery Bavik
Bavik Pony-Stout	stout	5.2%	Brewery Bavik
Bavik Premium Pils	pils	5.2%	Brewery Bavik
Bavik Triple Bock	bokbier	3%	Brewery Bavik
Beer for Life	blond	6.5%	Brewery Dilewyns
Beernems Berenbier	blond	7.5%	Brewery Van Steenberge voor BIVO Drinks
Beersel Bio	blond	7%	Geuzestekerij 3 Fonteinen
Beersel Blond	blond	7%	Geuzestekerij 3 Fonteinen
Beersel Lager	pils	5.2%	Geuzestekerij 3 Fonteinen
Bel Pils	pils	5%	Brewery Duvel Moortgat
Belgian Angel Stout	stout	5.2%	Brasserie Brootcoorens
Belgian Framboises	fruitbier	3.5%	Brasserie Lefebvre
Belgian Kriek	fruitbier	3.5%	Brasserie Lefebvre
Belgian Pêches	fruitbier	3.5%	Brasserie Lefebvre
Belgoo Arboo	tripel, amber	8.1%	Brewery Belgoobeer bij Brewery La Binchoise
Belgoo Magus	blond	6.6%	Brewery Belgoobeer bij Brewery La Binchoise
Belgoo Maxus	goudblond	8.1%	Brewery Belgoobeer bij Brewery La Binchoise
Belgoo Luppoo	goudblond	6.5%	Brewery Belgoobeer bij Brewery La Binchoise
Bella Mère	blond	6.5%	Brasserie Millevertus
Belle Cies	blond	10%	Huisbrouwerij Den Tseut
Belle-Vue Framboise	fruitbier	5.7%	Brewery Belle-Vue (InBev)
Belle-Vue Extra Framboise	fruitbier	2.9%	Brewery Belle-Vue (Inbev)
Belle-Vue Kriek	kriek	5.2%	Brewery Belle-Vue (InBev)
Belle-Vue Kriek Classique	Kriek	5.1%	Brewery Belle-Vue (Inbev)
Belle-Vue Extra Kriek	kriek	4.3%	Brewery Belle-Vue (InBev)
Belle-Vue Gueuze	lambiek	5.5%	Brewery Belle-Vue (InBev)
Belle-Vue LA	Alcoholarm	1%	Brewery Belle-Vue (Inbev)
Bellebier Amber	amber	5.2%	Brewery Van Steenberge voor Paeleman
Bellebier Dubbel	bruin	6.2%	Brewery Van Steenberge voor Paeleman
Bellebier Trippel	tripel	8%	Brewery Van Steenberge voor Paeleman
Bellegems Bruin	Vlaams oud bruin	5.5%	Brewery Bockor
Bellegems Witbier	witbier	5.0%	Brewery Bockor
Belval	blond	4.8%	Gageleer
Berentemmer	bruin	7%	Brewery Maenhout
Bersalis Tripel	blond, high fermentation, tripel	9.5%	Brewery Huyghe voor Brewery Oud Beersel
Bersalis Kadet	blond	4.5%	Brewery Huyghe voor Brewery Oud Beersel
Betchard Brune	bruin	7%	Brasserie de Tubize
Betchard Blonde	blond	5.5%	Brasserie de Tubize
Bieken	blond	8%	Brewery Boelens
Bierbeekse	blond-amber, high fermentation	7.3%	Brewery Van Steenberge voor de gemeente Bierbeek en Terclavers
Bierbuik	donker	8%	De Verhuisbrouwerij
Bière Darbyste	amber	5.8%	Brasserie de Blaugies
Bière de Beloeil	high fermentation	8.5%	Brasserie Dupont
Bière de Garde	biologisch, roodbruin	10%	Brewery Jessenhofke bij De Proefbrouwerij
Bière de Miel Bio	biologisch, honingbier	8%	Brewery Dupont
Bière des Ours (Berenbier)	honingbier	8.5%	Brasserie La Binchoise
Bière du Corsaire Cuvée Spéciale	sterk blond	9.4%	Brewery Huyghe
Bière du Mont Saint-Aubert	blond	8%	Brasserie de Brunehaut
Bière Spéciale Belge	Spéciale Belge	5%	Brasserie La Binchoise
Big Bavik	blond	5%	Brewery Bavik
Bierpruver Dubbel Bruin	dubbel	7.5%	Huisbrouwerij de 3 vaten
Bierpruver Tripel	tripel	9%	Huisbrouwerij de 3 vaten
Bierpruver Winter	winterbier	8%	Huisbrouwerij de 3 vaten
Bink Blond	Belgische pale ale	5.5%	Brewery Kerkom
Bink Bruin	dubbel	5.5%	Brewery Kerkom
Bink Bloesem	blond	7.1%	Brewery Kerkom
Biolégère	biologisch, Saison	3.5%	Brouwerii Dupont
Bitter Sweet Symphony	dubbele IPA	7.8%	Brewery 't Gaverhopke
Bittere Waarheid	Belgian IPA	11%	Brewery Het Alternatief bij Brewery De Graal
Black	donker, high fermentation	6.3%	Brasserie de Bellevaux
Black Albert	Belgian Royal Stout	13%	De Struise Brouwers bij Brewery Deca
Black Damnation I	Russian Imperial Stout	13%	De Struise Brouwers bij Brewery Deca
Black Damnation II (Mocha Bomb)	Russian Imperial Stout	12%	De Struise Brouwers bij Brewery Deca
Black Damnation III (Black Mes)	Russian Imperial Stout	13%	De Struise Brouwers bij Brewery Deca
Black Damnation IV (Coffée Club)	Russian Imperial Stout	13%	De Struise Brouwers bij Brewery Deca
Black Damnation V (Double Black)	Russian Imperial Stout, Eisbockmethode	26%	De Struise Brouwers bij Brewery Deca
Black	donkere ale	6.3%	Brasserie de Bellevaux
Black Ghost	high fermentation	8%	Brasserie Fantôme
Black Hole	pils	5.6%	Brewery Roman
Black Jack	Porter	7%	De Struise Brouwers bij Brewery Deca
Blanche	witbier	4.8%	Brasserie de Bellevaux
Blanche d'Ardenne	witbier	4.3%	Brasserie du Bocq voor Corsendonk nv
Blanche de Bouillon	witbier	5.5%	Brasserie de Bouillon
Blanche de Brabant	witbier	5%	Groep John Martin
Blanche de Bruxelles	witbier	4.5%	Brewery Lefebvre
Blanche de Charleroi	witbier	5%	Brasserie Val de Sambre
Blanche de Namur	witbier	5.2%	Brasserie du Bocq
Blanche de Tubize	witbier	4.8%	Brasserie de Tubize
Blanche des Honnelles	witbier	6%	Brasserie de l'Abbaye des Rocs
Blanche des Neiges	witbier	5%	Brewery Huyghe
Blanche du Hainaut Bio	witbier, biologisch	5.5%	Brewery Dupont
Blanchette de Gaume	witbier	5%	Brasserie Millevertus
Blanchette de Lorraine	witbier, fruitbier	5%	Brasserie Millevertus
BLAUW	pils, Export	5.2%	Brewery Bockor
Blauwersbier	mengbier	6.5%	Brewery Van Eecke
Bloemenbier	Belgian Strong Ale	7%	De Proefbrouwerij
Bière de la Bonde	tripel	10%	Brewery Van Eecke
Bleeken Moriaen	tripel	10%	Brewery Van Eecke
Blonde	blond	7%	Brasserie de Bellevaux
Blonde	blond, lage gisting	1.2%	Brewery Haacht
Blonde Bie	blond	8%	Brewery De Bie
Blonde de Brabant	blond	6%	Groep John Martin
Blonde de Noël	blond	10%	Brasserie Caulier
Blondelle	blond	7%	't Hofbrouwerijke
Blondine	blond	8%	Brewery Van Steenberge voor Hopduvel Gent
Blondine IPA	IPA	8%	Brewery De Graal voor Hopduvel Gent
Bock Leroy	tafelbier	1.8%	Brewery Het Sas
Bock Pils	pils	5.2%	Brewery Palm
Bockor Pils	lage gisting, pils	5.2%	Brewery Bockor
Bocq Christmas	kerstbier	8.1%	Brasserie Du Bocq
Boembeke Luiwerk	blond, licht troebel	6.5%	Brewery De Graal
Boerinneken	high fermentation, blond	9.5%	De Proefbrouwerij voor Den Ouden Advokaat
Boerke Blond	blond	6.8%	Brewery Angerik
Boerke Bruin	bruin	6.8%	Brewery Angerik
Boerke Krieken	fruitbier	6.5%	Brewery Angerik
Boerken	high fermentation, bruin	9.5%	De proefbrouwerij voor Den Ouden Advokaat
Bokkereyer	lage gisting	6%	Brewery Sint-Jozef
Bolleville Calvados Barrel OA	oak aged	10%	Brewery Alvinne
Bokrijks	blond, Abbey Beer	7.2%	Brewery du Bocq
Bon Homme	high fermentation, donkerbruin	6.5%	Brewery De Leite
Bon Secours Ambrée	high fermentation, amber	8%	Brewery Caulier
Bon Secours Blonde	high fermentation, blond	8%	Brewery Caulier
Bon Secours Brune	high fermentation, bruin	8%	Brewery Caulier
Bon Secours Framboise	high fermentation, frambozenbier	7%	Brewery Caulier
Bon Secours Myrtille	high fermentation, bosbessenbier	7%	Brewery Caulier
Bon Secours Noël	high fermentation, blond kerstbier	10%	Brewery Caulier
Boneffe	Abbey Beer	9%	Brasserie de Tubize
Bons Voeux	blond	9.5%	Brewery Dupont
Bornem Dubbel	Abbey Beer	8%	Brewery Van Steenberge
Bornem Tripel	Abbey Beer	9%	Brewery Van Steenberge
Bos Bier	fruitbier	9%	Brewery DijkWaert
Bosbier	fruitbier-pils	4%	Brewery Sint-Jozef
Boscoli	fruitbier	3.5%	Brewery Het Anker
Boskeun	lichtblond	7%	De Dolle Brouwers
Bosprotter	tripel	8.5%	't Hofbrouwerijke
Bourgogne des Flandres Blond	high fermentation, blond	6%	Brewery Timmermans
Bourgogne des Flandres Bruin	oud bruin	5%	Brewery Timmermans
Brasserie des Rocs Triple Impériale		10%	Brasserie de l'Abbaye des Rocs
Brave Broeder	high fermentation (etiketbier)	5%	Brasserie de Silly
Bravoure	high fermentation, rookbier, amber	6.5%	Brewery De Dochter van de Korenaar
Bremserbier	amber	6%	Huisbrouwerij de 3 vaten
Brice	blond	7.5%	Brasserie Grain d'Orge
Briekebakker	tripel	8.7%	Brewery Alvinne
Brigand	blond	9%	Brewery Van Honsebrouck
Brigand IPA	India Pale Ale	6.5%	Brewery Van Honsebrouck
Broeder Jacob Bruin	bruin	7.5%	Brewery Broeder Jacob
Broeder Jacob Tripel	tripel	7.5%	Brewery Broeder Jacob
Bruegel	amber	5%	Brewery Van Steenberge
Brugge Blond	speciaalbier, high fermentation	6.5%	Brewery Palm (vroeger in Brewery De Gouden Boom)
Brugge Tripel	speciaalbier, high fermentation	8.7%	Brewery Palm (vroeger in Brewery De Gouden Boom)
Brugs (Tarwebier)	witbier	4.8%	Alken-Maes (Heineken) (vroeger in Brewery De Gouden Boom)
Brugs Beertje 20	blond	6.5%	Brewery De Regenboog
Brugs Beertje 25	amber	9%	Brewery De Regenboog
Brugse Babbelaar	blond	6.5%	De Proefbrouwerij
Brugse Bok	lichtdonker	6.5%	Brewery De Halve Maan
Brugse Zot Blond	goudblond	6%	Brewery De Halve Maan
Brugse Zot Dubbel	bruin	7.5%	Brewery De Halve Maan
Bruin Leroy	tafelbier	1.8%	Brewery Het Sas
Brune	bruin	6.8%	Brasserie de Bellevaux
Brunehaut Terroir	witbier	5%	Brasserie de Brunehaut
Brunehaut Tradition	amber	6.5%	Brasserie de Brunehaut
Brunehaut Village	blond	6.5%	Brasserie de Brunehaut
Brunehaut Bio Amber	biologisch	6.5%	Brasserie de Brunehaut
Brunehaut Bio Blanche	biologisch, witbier	5%	Brasserie de Brunehaut
Brunehaut Bio Blonde	biologisch	6.5%	Brasserie de Brunehaut
Brunette	high fermentation	9%	Brewery Van Steenberge voor Hopduvel Gent
Brussels Framboos	fruitbier	3.5%	Brewery Van Steenberge
Brussels Kriek	fruitbier	5%	Brewery Van Steenberge
Brussels Perzik	fruitbier	4%	Brewery Van Steenberge
Brussels Fruit Beer "Apple"	fruitbier	3.2%	Brasserie Du Bocq
Brussels Fruit Beer "Peaches"	fruitbier	3.2%	Brasserie Du Bocq
Brussels Fruit Beer "Red Fruit"	fruitbier	3.2%	Brasserie Du Bocq
Brut	blond aperitiefbier	8%	Brewery De Vlier
Bruynen Moriaen	donker	9%	Brewery Van Eecke
BRWN	high fermentation, biologisch	7%	De Proefbrouwerij voor Brewery Jessenhofke
Buffalo	high fermentation, donker	6.5%	Brewery Van Den Bossche
Buffalo Belgian Stout	stout	9%	Brewery Van Den Bossche
Buffalo Bitter	blond	8%	Brewery Van Den Bossche
Bush Amber	high fermentation, amber	12%	Brewery Dubuisson
Bush Amber Tripel	tripel, amber	12%	Brewery Dubuisson
Bush Blond	high fermentation, blond	10.5%	Brewery Dubuisson
Bush Blond Triple	tripel, blond	10.5%	Brewery Dubuisson
Bush de Noël	kerstbier	12%	Brewery Dubuisson
Bush de Noël Premium	kerstbier, tripel	13%	Brewery Dubuisson
Bush de Nuits	amber, tripel	13%	Brewery Dubuisson
Bush Prestige	amber, tripel	13%	Brewery Dubuisson
Bush 7	amber	7.5%	Brewery Dubuisson
Cambrinus	Belgische ale	5.1%	Brewery Verhaeghe
Campus Premium	pils	5%	Brewery Huyghe
Campus	sterk donker	7%	Brewery Huyghe
Campus Gold	blond	6.2%	Brewery Huyghe
Canaille	witbier	5.2%	Brasserie Grain d'Orge
Canaster	Scotch	8.7%	Brewery De Glazen Toren
Cantillon Geuze	spontane gisting	5%	Brewery Cantillon
Caper Fumatis	donkerbruin	6.3%	Brewery Alvinne
Capoen	amber	6.5%	De Proefbrouwerij
Captain Cooker Manuka Beer	amber	5.7%	De Proefbrouwerij voor Captain Cooker
Captain Cooker White Manuka Beer	witbier	4.5%	De Proefbrouwerij voor Captain Cooker
Cara Pils	pils	4.9%	Brewery Haacht
Caracole	high fermentation, amber	8%	Brasserie Caracole
Carioca	witbier	4.8%	De Lion à Plume bij Brasserie de Bastogne
Carlos	donker, high fermentation	6.5%	Brewery Contreras
Carnavalsbier	blond	6.1%	Brewery De Graal voor bierfirma Vacas
Carrousel	high fermentation, blond	6%	Brewery De Vlier
Caulier Brune	high fermentation, amberbruin	6.8%	De Proefbrouwerij voor The House of Caulier
Caulier Special Extra	high fermentation, blond	4.3%	De Proefbrouwerij voor The House of Caulier
Caulier Blonde	high fermentation, blond	6.8%	De Proefbrouwerij voor The House of Caulier
Ceci n'est pas un Barley Wine	gerstewijn	10%	Brasserie Sainte-Hélène
Ceci n'est pas une saison	saison	6.5%	't Hofbrouwerijke
Ceci n'est pas une stout	stout	6.5%	't Hofbrouwerijke
Ceci n'est pas une triple	tripel	8%	't Hofbrouwerijke
Celestus	lager	5%	Brewery Haacht
Celis White	witbier	5%	Brewery Van Steenberge
Celtic Angel	high fermentation, amber	6.2%	De Proefbrouwerij voor Microbrouwerij Achilles
Cervesia	high fermentation, blond	8%	Brewery Dupont
Cervoise de l'Avouerie d'Anthisnes		5%	Brasserie de Silly
Cesar	tripel	8.5%	Brewery Van Steenberge
Cezarken	lager	5.5%	Brewery Strubbe voor Brewery Crombé
Chapeau Gueuze	geuze	5.5%	Brewery De Troch
Chapeau Abricot	fruitbier op basis van lambiek	3.5%	Brewery De Troch
Chapeau Banana	fruitbier op basis van lambiek	3.5%	Brewery De Troch
Chapeau Cuvée Oude Gueuze	oude geuze	5.5%	Brewery De Troch
Chapeau Exotic (ananas)	fruitbier op basis van lambiek	3.5%	Brewery De Troch
Chapeau Faro	aangezoete geuze	4.75%	Brewery De Troch
Chapeau Fraises	fruitbier op basis van lambiek	3.5%	Brewery De Troch
Chapeau Framboise	fruitbier op basis van lambiek	3.5%	Brewery De Troch
Chapeau Kriek	fruitbier op basis van lambiek	3.5%	Brewery De Troch
Chapeau Lemon	fruitbier op basis van lambiek	3.5%	Brewery De Troch
Chapeau Mirabelle	fruitbier op basis van lambiek	3.5%	Brewery De Troch
Chapeau Pêche	fruitbier op basis van lambiek	3.5%	Brewery De Troch
Chapeau Winter Gueuze	geuze, kerstbier	5.6%	Brewery De Troch
Charles Quint	lager	6.3%	Haacht
Chimay Blauw	trappist	9%	Abdij Notre-Dame de Scourmont
Chimay Rood	trappist	7%	Abdij Notre-Dame de Scourmont
Chimay Wit	tripel	8%	Abdij Notre-Dame de Scourmont
Chimay dorée	blond tafelbier	4.8%	Abdij Notre-Dame de Scourmont
Chouffe Bok 6666	donker amber	6%	Brewery d'Achouffe (Duvel-Moortgat)
Christmas Leroy	high fermentation, kerstbier	7.5%	Brewery Van Eecke
Christmas Verhaeghe	high fermentation, kerstbier	7.2%	Brewery Verhaeghe
Christmas Pale Ale	high fermentation, kerstbier	6.3%	Brewery De Ryck
Ciney Blond	high fermentation, blond	7%	Alken-Maes (Heineken)
Ciney Bruin	high fermentation, bruin	7%	Alken-Maes (Heineken)
Cluysenaer	high fermentation	7%	De Proefbrouwerij voor Brewery Cluysenaer
Cnudde Bizon	fruitbier	5.5%	Brewery Cnudde
Cnudde Oudenaards bruin (Kerkhofbier)	Vlaams oud bruin	5%	Brewery Cnudde
Colère Rouge	Belgian dark ale	5%	Brasserie Millevertus
Content	tripel	7.5%	Brewery De Graal voor De Verhuisbrouwerij
Contrapils	pils	5%	Brewery Contreras
Contreras' Especial Mars	high fermentation, lentebier	6.5%	Brewery Contreras
Cookie Beer	speciaalbier	8%	Brasserie d'Ecaussinnes
Coq Hardi	lage gisting, blond	5.5%	Brewery Haacht
Corsendonk Agnus	blonde tripel	7.5%	Brewery du Bocq voor Corsendonk nv
Corsendonk Blond	high fermentation	6.5%	Brewery du Bocq voor Corsendonk nv
Corsendonk Bruin	high fermentation	6.5%	Brewery du Bocq voor Corsendonk nv
Corsendonk Christmas Ale	kerstbier	8.5%	Brewery du Bocq voor Corsendonk nv
Corsendonk Pater	roodbruin, dubbel	7.5%	Brewery du Bocq voor Corsendonk nv
Corsendonk Rousse	amber, high fermentation	8%	Brewery du Bocq voor Corsendonk nv
Corsendonk Triple 11.11.11	tripel (etiketbier)	7.5%	Brewery du Bocq voor Corsendonk nv
Couckelaerschen Doedel	high fermentation	6.5%	Brewery Strubbe
Courage	high fermentation, winterbier	8%	Brewery De Dochter van de Korenaar
Coy'Heimsen	roodbruin, etiketbier	6%	Brewery Van Eecke
Crack Pils	lage gisting, pils	5%	Brewery Het Sas
Crianza	mengbier met lambiek	7%	Brasserie de la Senne
Cristal Alken	lage gisting, pils	4.8%	Alken-Maes (Heineken)
Cristal 1928	lage gisting, pils	5.8%	Alken-Maes (Heineken)
Cuvée Angélique	dubbel, Special Belge	8.3%	Brewery De Glazen Toren
Cuvée de Bouillon	blond, high fermentation	6.5%	Brasserie de Bouillon
Cuvée de Briqville	streekbier	7%	Brewery Van Steenberge
Cuvée de Francorchamps	etiketbier	8%	Brewery Lefebvre
Cuvée De Ranke	gemengde gisting	7%	Brewery De Ranke
Cuvée des Trolls	high fermentation, blond	7%	Brewery Dubuisson
Cuvée des Trolls Triple	blonde tripel	7%	Brewery Dubuisson
Cuvée Delphine	Belgian Royal Stout	13%	De Struise Brouwers bij Brewery Deca
Cuvée d'Erpigny	quadrupel, oak aged	15%	Brewery Alvinne
Cuvée du Château	sterk donker	11%	Brewery Van Honsebrouck
Cuvée du Flo Ambrée	high fermentation, amber	8.5%	Brasserie du Flo
Cuvée du Flo Blonde	high fermentation, blond	8%	Brasserie du Flo
Cuvée du Flo Brune	high fermentation, bruin	9%	Brasserie du Flo
Cuvée du Flo Fruit	high fermentation, fruitbier	6.5%	Brasserie du Flo
Cuvée du Flo Miel	high fermentation, honingbier	8.5%	Brasserie du Flo
Cuvée du Tchesté	high fermentation	7.5%	Brasserie Les 3 Fourquets in opdracht van de Confrérie du Tchesté de Neufchâteau
Cuvée Ermesinde	high fermentation, amber	7.8%	Brasserie Saint-Monon
Cuvée Freddy	stout	10%	Brewery Alvinne
Cuvée Jeun'homme	blond	6.5%	Brewery De Leite
Cuvée Jolie Môme	high fermentation, witbier	4.5%	Brasserie du Flo
Cuvée René Oude Geuze	oude geuze	5.5%	Brewery Lindemans
Cuvée René Oude Kriek	fruitbier op basis van lambiek	6%	Brewery Lindemans
Cuvée Li Crochon	high fermentation, bruin	8.7%	Brasserie Du Bocq
Cuvée Mam'zelle	hoogblond	8.5%	Brewery De Leite
Cuvée Saint-Antoine Blonde	Abbey Beer	7.5%	Brasserie du Flo
Cuvée Saint-Antoine Brune	Abbey Beer, scotch	9%	Brasserie du Flo
Cuvée Saint Gilloise	spontane gisting, 100% lambiek	5%	Brewery Cantillon
Cuvée van de Keizer Blauw	robijnrood speciaalbier	11%	Brewery Het Anker
Cuvée van de Keizer Rood	blond speciaalbier	10%	Brewery Het Anker
Dagelyckx bier	etiketbier	8%	Brewery Jessenhofke
Darinckdelver	stout	10.5%	Brewery Alvinne
Dark White BBB	high fermentation	4.5%	Brasserie Fantôme
De Boomgaard Framboise	fruitbier	4.9%	Brasserie d'Ecaussinnes
de Chokier	high fermentation, amber	7%	De Proefbrouwerij
De Eycken Balthazar	donkerbruin	9%	Brewery Alvinne
De Garre Tripel	tripel	11.5%	Staminee De Garre (Brewery Van Steenberge)
De Graal Blond	blond	6.5%	Brewery De Graal
De Graal Dubbel	donker	6.5%	Brewery De Graal
De Graal Gember	blond	8%	Brewery De Graal
De Graal SloCK	koperkleurig	6.5%	Brewery De Graal
De Graal Tripel	tripel	9%	Brewery De Graal
De Graal Quest	suikervrij	9%	Brewery De Graal
De Graal Triverius	witbier	6.8%	Brewery De Graal
De Kavijaks	India pale ale	7%	De Dolle Brouwers voor Kaffee Kavijaks
De Koninck	amber	5.2%	Brewery De Koninck (Duvel-Moortgat)
De Koninck Triple d'Anvers	blond	8%	Brewery De Koninck (Duvel-Moortgat)
De Koninck Winter	robijnrood	6.5%	Brewery De Koninck (Duvel-Moortgat)
De Maeght van Gottem	donkerblond	6.5%	Huisbrouwerij Sint-Canarus
De Nacht	winterbier	5.2%	Brewery Vissenaken
De Regenboog IJzer		6%	Brewery De Regenboog
De Verboden Vrucht	high fermentation	8.5%	Brewery De Kluis (InBev)
De Vlier X-Mas	kerstbier	8.5%	Brewery De Vlier
Deinze Export	export	4.6%	Huisbrouwerij Sint Canarus voor JCI Deinze en Leiestreek
Delhaize Christmas	etiketbier	9%	Affligem Brewery
Delhaize Tafelbier Blond	tafelbier	1.5%	Brewery Piedbœuf (InBev)
Delhaize Tafelbier Bruin	tafelbier	1.5%	Brewery Piedbœuf (InBev)
Delirium Nocturnum	donker, high fermentation	9%	Brewery Huyghe
Delirium Tremens	tripel	9%	Brewery Huyghe
Delirium Christmas	kerstbier	10%	Brewery Huyghe
Delirium Red	fruitbier	8.5%	Brewery Huyghe
Den Alternatief	lager	5%	Brewery Het Alternatief bij Brewery Alvinne
Den Bi3r	tripel	9%	Brewery Den Tseut
Den Bras	bruin	7.5%	Brewery Den Tseut
Den Drupneuze	winterbier	8.5%	Brewery Den Tseut
Den Herberg Amber	amber	5%	Brewery Den Herberg
Den Herberg Blond	blond	5.5%	Brewery Den Herberg
Den Herberg Bruin	bruin	5.5%	Brewery Den Herberg
Den Herberg Tarwe	witbier	5%	Brewery Den Herberg
Den Mulder	blond	8%	Brewery Den Tseut
Den Tseut	blond, speciaalbier	6.5%	Brewery Den Tseut
Den Twaalf	high fermentation	12%	Brewery 't Gaverhopke
Den Zytholoog	blond	6.6%	Brewery De Graal voor bierfirma Vacas
Dendermonde Tripel	Abbey Beer, tripel	8%	Brewery De Block
Dentergems Wit	witbier	5%	Brewery Het Anker
Deugniet	tripel (etiketbier)	7.3%	Brasserie Du Bocq
DeuS	speciaalbier, blond	11.5%	Brewery Bosteels
Diabolici	tripel	8%	Groep John Martin
Dikke Mathile	high fermentation	6%	Brewery Strubbe
Dobbel Palm	high fermentation	6%	Brewery Palm
Dobbelken Amber	streekbier, amber	6.5%	Brewery Strubbe
Dobbelken Bruin	streekbier, bruin	5%	Brewery Strubbe
Dogabier	etiketbier	6.5%	Huisbrouwerij Sint-Canarus
Dominus Dubbel	Abbey Beer	6.5%	Group John Martin
Dominus Tripel	Abbey Beer, tripel	8%	Group John Martin
Donkere Stoere	sterk donker	8.2%	Brewery DijkWaert
Double Bie	bruin	6.5%	Brewery De Bie
Double de Brabant	dubbel, donker	6.5%	Groep John Martin
Double Enghien Blonde	high fermentation, blond	7.5%	Brasserie de Silly
Double Enghien Brune	high fermentation, amber	8%	Brasserie de Silly
Douglas Celtic Brown	donkere scotch	7.9%	Scottish & Newcastle voor Groep John Martin
Douglas Celtic Lager	blonde lager	5%	Scottish & Newcastle voor Groep John Martin
Douglas Celtic Red	amberrood, high fermentation	7.9%	Scottish & Newcastle voor Groep John Martin
Douglas Celtic Super	blond, high fermentation	7.9%	Scottish & Newcastle voor Groep John Martin
Douglas Celtic XXX Strong	blond, high fermentation	12%	Scottish & Newcastle voor Groep John Martin
Drongens Plezierke	high fermentation, donker	7.5%	Brewery Slaghmuylder
Druïde Blond	lichtblond	6.5%	De Proefbrouwerij voor Brewery Druïde
Druïde Bruin	robijnrood	6.5%	De Proefbrouwerij voor Brewery Druïde
Druïde Grand Q	tripel, blond	8.5%	De Proefbrouwerij voor Brewery Druïde
Druivenbier	fruitbier	6%	Brewery Van Steenberge voor Brewery Paeleman
Dubbel Buitenlust	blond	8.5%	De Proefbrouwerij
Dubbel Klok	donker	8.5%	Brewery Boelens
Ducassis	fruitbier	3%	Brasserie des Légendes
Duchesse de Bourgogne	oud bruin	6.2%	Brewery Verhaeghe Vichte
Duivels Bier	donker	8%	Brewery Boon
Dulle Griet	dubbel	6.5%	De Scheldebrouwerij
Dulle Teve	tripel	10%	De Dolle Brouwers
Duvel	high fermentation	8.5%	Brewery Duvel Moortgat
Duvel Tripel Hop	high fermentation	9.5%	Brewery Duvel Moortgat
Echt Kriekenbier	fruitbier	6.8%	Brewery Verhaeghe
Echte Kriek	fruitbier	6.8%	Brewery Verhaeghe
Edel-Brau	alcoholarm	0.3%	Brewery Strubbe
Eerwaarde Pater	Waestvlaams roodbruin	9%	Brewery Het Alternatief bij Brewery De Graal of Brewery Alvinne
Eeuwige Liefde	sterk donker	8.2%	Brewery DijkWaert
Egmont	blond	6.5%	Brewery Strubbe voor Brewery Crombé
Elliot Brew	Imperial IPA	9%	De Struise Brouwers bij Brewery Deca
El Toro	high fermentation, IPA	6.5%	Brewery Contreras
Embrasse	high fermentation, sterk donker	9%	Brewery De Dochter van de Korenaar
Embrasse Special Edition	high fermentation, oak aged	9%	Brewery De Dochter van de Korenaar
Ename Blond	Abbey Beer, high fermentation	6.5%	Brewery Roman
Ename Dubbel	Abbey Beer, high fermentation	6.5%	Brewery Roman
Ename Tripel	Abbey Beer, tripel	8.5%	Brewery Roman
Ename Cuvée 974	high fermentation	7%	Brewery Roman
Enfant Terriple	blond, tripel	8.2%	Brewery De Leite
Enghien Noël	high fermentation, tripel, kerstbier	9%	Brasserie de Silly
Estaminet Premium Pils	pils	5.2%	Brewery Palm
Equinox	bruin	8%	Brewery De Ranke voor Brasserie de la Senne
Eupener Bier	pils	5.2%	Brewery Haacht
Export 8	pils	4.7%	Brewery Haacht
Ezel Bruin	bruin	6.5%	Brewery Bavik
Ezel Wit	witbier	5.8%	Brewery Bavik
Fancy	alcoholarm	0.5%	Brewery Bavik
Fantôme	high fermentation	8%	Brasserie Fantôme
Fantôme Chocolat	high fermentation	8%	Brasserie Fantôme
Fantôme Spéciale Noel	high fermentation	8%	Brasserie Fantôme
Faro Boon	faro	4%	Brewery Boon
Faro Girardin	faro	5%	Brewery Girardin
Faro Lambic Lindemans	faro	4.5%	Brewery Lindemans
Faro Perte Totale	faro	5%	Brewery Boon
Fasso Blond	blond	6.5%	Brewery Vissenaken
Felix Kriek Oud Bruin	kriek	6%	Brewery Verhaeghe voor Brewery Clarysse (bierfirma)
Felix Kriekbier	kriek	5.2%	Brewery Verhaeghe voor Brewery Clarysse (bierfirma)
Felix Oud Bruin	bruin	5.2%	Brewery Verhaeghe voor Brewery Clarysse (bierfirma)
Felix Speciaal Oudenaards	roodbruin	4.6%	Brewery Verhaeghe voor Brewery Clarysse (bierfirma)
Femme Fatale	high fermentation, amber	6.5%	Brewery De Leite
Ferme Framboos	fruitbier	8%	Brewery De Vlier
Festina Lente	donkerbruin	7%	Brewery Alvinne
Finesse	high fermentation, tripel	8.5%	Brewery De Dochter van de Korenaar
Flandrien	high fermentation	7%	Brewery Louwaege
Flodder	high fermentation	8%	De Proefbrouwerij voor bierfirma VALOCCO
Floreffe Blond	Abbey Beer	6.3%	Brewery Lefebvre
Floreffe Dubbel	Abbey Beer	6.3%	Brewery Lefebvre
Floreffe Prima Melior	Abbey Beer	8%	Brewery Lefebvre
Floreffe Tripel	Abbey Beer	7.5%	Brewery Lefebvre
Floreffe Wit-Bier	witbier, Abbey Beer	4.5%	Brewery Lefebvre
Florilège de Pensée	fruit- en bloemenbier	9%	Brasserie d'Ecaussinnes
Florilège de Rose	fruit- en bloemenbier	9%	Brasserie d'Ecaussinnes
Florilège de Sureau	fruit- en bloemenbier	9%	Brasserie d'Ecaussinnes
Florilège d’Hibiscus	fruit- en bloemenbier	9%	Brasserie d'Ecaussinnes
Floris Cactus	witbier	4.2%	Brewery Huyghe
Floris Chocolat	bruin	4.2%	Brewery Huyghe
Floris Fraise	fruitbier	3.6%	Brewery Huyghe
Floris Framboise	fruitbier	3.7%	Brewery Huyghe
Floris Griotte	fruitbier	3%	Brewery Huyghe
Floris Honey	honingbier	4.5%	Brewery Huyghe
Floris Kriek	fruitbier	3.6%	Brewery Huyghe
Floris Mango	fruitbier	3.6%	Brewery Huyghe
Floris Ninkeberry	fruitbier	3.6%	Brewery Huyghe
Floris Passion	fruitbier	3.6%	Brewery Huyghe
Floris Pear	fruitbier	3.5%	Brewery Huyghe
Floris Pomme / Apple	fruitbier	3.5%	Brewery Huyghe
Floris Witbier	witbier	5%	Brewery Huyghe
Florival Blond	Abbey Beer	7%	Affligem Brewery (Brewery De Smedt)
Florival Bruin	donkerbruin	7%	Affligem Brewery
Florival Tripel	tripel	8.5%	Affligem Brewery
Florival Winter	roodbruin	9%	Affligem Brewery
Foewerbier	amber	7%	Brewery Kerkom
Forestinne Ambrosia	amber	7.5%	Brasserie Caracole
Forestinne Gothika	scotch	7.5%	Brasserie Caracole
Forestinne Mysteria	blond speciaalbier	7.5%	Brasserie Caracole
Forestinne Nordika	kerstbier	7.5%	Brasserie Caracole
Forestinne Primoria	blond	7.5%	Brasserie Caracole
Fort Lapin 8	tripel	8%	Brewery Fort Lapin
Framboise Boon	lambiek, fruitbier	6%	Brewery Boon
Framboise Girardin	lambiek, fruitbier	5%	Brewery Girardin
Framboise Lindemans	lambiek, fruitbier	2.5%	Brewery Lindemans
Framboise Max Jacobins	lambiek, fruitbier	3%	Brewery Bockor
Framboise Oud Beersel	lambiek, fruitbier	5%	Brewery Oud Beersel
Frasnoise Givrée	amber	6.3%	Brasserie La Frasnoise
Frasnoise Rétro	amber	6.3%	Brasserie La Frasnoise
Freaky	Brown ale	3.8%	Brewery Alvinne
Freaky Dark	lambiek	3.8%	Brewery Alvinne
Fruitig Bierreke	fruitbier	8.2%	Brewery DijkWaert
Gageleer	biologisch bier	7.5%	De Proefbrouwerij
Gaspar	amber	8%	Brewery Alvinne
Gauloise Ambrée	amber	5.5%	Brasserie Du Bocq
Gauloise Blonde	blond	6.3%	Brasserie Du Bocq
Gauloise Brune	bruin	8.1%	Brasserie Du Bocq
Gauloise Red	fruitbier	8.2%	Brasserie Du Bocq
Gauloise Christmas	kerstbier	8.1%	Brasserie Du Bocq
Gentse Strop	blond	6.9%	Brewery Roman
Gentse Tripel	blond	8%	Brewery Van Steenberge
Gertrude Ambrée	amber, high fermentation	6%	Brasserie de Bouillon
Gertrude Triple	tripel	7.5%	De Proefbrouwerij
Geuze Cantillon 100% Lambic Bio	geuze	5%	Brewery Cantillon
Gueuze Girardin	geuze	5%	Brewery Girardin
Gueuze Girardin gefilterd	geuze	5%	Brewery Girardin
Geuze Jacobins	geuze	5.5%	Brewery Bockor
Geuze Lindemans	geuze	5.5%	Brewery Lindemans
Geuze Mariage Parfait	geuze	8%	Brewery Boon
Ghulden Cop	donker blond	6%	Brewery De Graal
Gigi speciale	tafelbier	2.5%	Brasserie Gigi
Gildenbier	high fermentation, bruin	7%	Brewery Haacht
Ginder Ale	high fermentation, amber	5.1%	InBev
Glutaner	glutenvrij pilsener	5.2%	Brewery Huyghe
Goeie Koffe	stout	9.5%	Brewery DijkWaert
Goliath Blonde	high fermentation, blond	5.5%	Brasserie des Légendes
Goliath Triple	high fermentation, tripel	9%	Brasserie des Légendes
Golden Kenia	pils	5.1%	Brewery Huyghe
Golding Campina	pils	4.8%	Alken-Maes (Heineken)
Gold Pils	pils	5%	Brewery Bavik
Gordon 0,00	alcoholvrij	0%	Group John Martin
Gordon Finest Chrome	high fermentation	10.5%	Group John Martin
Gordon Finest Copper	high fermentation	6.6%	Group John Martin
Gordon Finest Gold	high fermentation	10%	Group John Martin
Gordon Finest Platinum	high fermentation	12%	Group John Martin
Gordon Finest Red	high fermentation, rood	8.4%	Group John Martin
Gordon Finest Scotch	scotch	8.6%	Group John Martin
Gordon Finest Silver	high fermentation	7.7%	Group John Martin
Gordon Finest Zero	alcoholvrij	0%	Group John Martin
Gordon Five	pils	5%	Group John Martin
Gordon Xmas	kerstbier	8.8%	Brewery Palm voor Group John Martin
Goud Vuur	amber, tripel	9%	Brewery DijkWaert
Gouden Arend 125	goudblond	8.5%	Brewery De Ryck
Gouden Carolus Ambrio	amber	8%	Brewery Het Anker
Gouden Carolus Christmas	donker speciaalbier	10.5%	Brewery Het Anker
Gouden Carolus Classic	donker speciaalbier	8.5%	Brewery Het Anker
Gouden Carolus Easter	donker speciaalbier	10%	Brewery Het Anker
Gouden Carolus Hopsinjoor	blond speciaalbier	8%	Brewery Het Anker
Gouden Carolus Tripel	tripel	9%	Brewery Het Anker
Gouden Pier Kloeffe	high fermentation, tripel	8.1%	De Proefbrouwerij voor Brewery Slaapmutske
Gouyasse Tradition	high fermentation, blond	6%	Brasserie des Géants
Gouyasse Triple	triple	9%	Brasserie des Géants
Grand Cru Bruocsella	lambiek	5%	Brasserie Cantillon
Green Buzz	biologisch	6%	Brasserie Millevertus
Grelotte	kerstbier	9%	Brasserie Grain d'Orge
Gribousine Blonde	high fermentation	8.5%	Brasserie La Binchoise (voor Brasserie de Malonne)
Gribousine Brune	high fermentation	8%	Brasserie La Binchoise (voor Brasserie de Malonne)
Gribousine Hiver	winterbier	8.5%	Brasserie La Binchoise (voor Brasserie de Malonne)
Griboval	high fermentation	6.5%	Brewery Van Den Bossche voor Scouts Moen 50 jaar (2011)
Grimbergen Blond	Abbey Beer high fermentation	6.7%	Alken-Maes (Heineken - Carlsberg)
Grimbergen Cuvée de l'Ermitage	high fermentation	7.5%	Alken-Maes (Heineken - Carlsberg)
Grimbergen Dubbel	high fermentation	6.5%	Alken-Maes (Heineken - Carlsberg)
Grimbergen Goud 8°	high fermentation, blond	8%	Alken-Maes (Heineken - Carlsberg)
Grimbergen Optimo Bruno	high fermentation	10%	Alken-Maes (Heineken - Carlsberg)
Grimbergen Selection	donker, dubbel	7%	Alken-Maes (Heineken - Carlsberg)
Grimbergen Tripel	tripel	9%	Alken-Maes (Heineken - Carlsberg)
Grisette Ambrée	amber	5%	Brewery St-Feuillien
Grisette Blanche	witbier	5%	Brewery St-Feuillien
Grisette Blonde	blond	4.5%	Brewery St-Feuillien
Grisette Cérise	fruitbier	3.5%	Brewery St-Feuillien
Grisette Country Cool		3.5%	Brewery St-Feuillien
Grisette Fruits des Bois	fruitbier	3.5%	Brewery St-Feuillien
Grotten Flemish Ale	high fermentation, Belgian strong ale	7.7%	Brewery St-Bernardus
Grottenbier	high fermentation	6.5%	Brewery St-Bernardus
Gruut Amber	amber	6.6%	Stadsbrouwerij Gruut
Gruut Blond	blond	5.5%	Stadsbrouwerij Gruut
Gruut Bruin	bruin	8%	Stadsbrouwerij Gruut
Gruut Inferno	goud	9%	Stadsbrouwerij Gruut
Gruut Wit	witbier	5%	Stadsbrouwerij Gruut
Guido	high fermentation	8%	Brewery De Regenboog
Gulden Delle	mengbier	8.5%	Brewery De Vlier
Gulden Draak	high fermentation, donker	10.5%	Brewery Van Steenberge
Guldenberg	donkerblond Abbey Beer	8.5%	Brewery De Ranke
Gypsy Rose	amber	9%	Brasserie Sainte-Hélène
Haanse Witte	witbier	5.5%	Brewery Strubbe voor den Haene
Halleschelle	blond	8.5%	Brewery Alvinne
Hanssens Lambic Experimental Cassis	lambiek, fruitbier	4%	Brewery Hanssens
Hanssens Lambic Experimental Raspberry	lambiek, fruitbier	4%	Brewery Hanssens
Hapkin	high fermentation, blond	8.5%	Alken-Maes (Heineken)
Harelbekenaar van de abdijhoeve	roodbruin, etiketbier	6%	Brewery Van Eecke
Hector	high fermentation, tripel	8.2%	Brewery De Graal
Heksemiebier	high fermentation	6.2%	Microbrouwerij Achilles
Hellekapelle	blond	5%	Brewery De Bie
Helleketelbier	amber	7%	Brewery De Bie
Hercule Stout	stout	9%	Brasserie des Légendes
Herkenrode Bruin	Abbey Beer, bruin	7%	Brewery Sint-Jozef
Herkenrode Tripel	Abbey Beer, tripel	7%	Brewery Sint-Jozef
Hertalse Poorter	high fermentation, blond	6.5%	Brewery Slaghmuylder
Hertenheer	high fermentation, amber	6.5%	Scheldebrouwerij voor Brewery Het Nest
Hervoise	high fermentation	8.2%	Brasserie Grain d'Orge
Hik Blond	high fermentation, ale	6.5%	Brewery Het Alternatief bij Brewery De Graal
Hik Bruin	high fermentation	6.5%	Brewery Het Alternatief bij Brewery De Graal
Himelein	high fermentation	6%	Brewery Vissenaken
Hoegaarden	high fermentation, witbier	4.9%	Brewery De Kluis (InBev)
Hoegaarden 0,0	alcoholvrij witbier	0%	Brewery De Kluis (InBev)
Hoegaarden 0,0 Rosée	alcoholvrij fruitbier	0%	Brewery De Kluis (InBev)
Hoegaarden Citron	fruitbier	3%	Brewery De Kluis (InBev)
Hoegaarden Grand Cru	high fermentation	8.5%	Brewery De Kluis (InBev)
Hoegaarden Rosée	fruitbier	3%	Brewery De Kluis (InBev)
Hoegaarden Spéciale	high fermentation, goudblond	5.7%	Brewery De Kluis (InBev)
Hoegaarden Verboden Vrucht	fruitbier	8.8%	Brewery De Kluis (InBev)
Hof Korvatunturi	high fermentation, bruin	11%	't Hofbrouwerijke
Hof ten Dormaal Amber	high fermentation	7.5%	Brewery Hof ten Dormaal
Hof ten Dormaal Blond	high fermentation	8%	Brewery Hof ten Dormaal
Hof ten Dormaal Donker	high fermentation	8.5%	Brewery Hof ten Dormaal
Hofblues	stout	5.5%	't Hofbrouwerijke
Hofdraak	bruin	6.5%	't Hofbrouwerijke
Hofelf	tarwetripel	7.5%	't Hofbrouwerijke
Hofnar	amber	9%	't Hofbrouwerijke
Hofpint	high fermentation, pils	5.5%	't Hofbrouwerijke
Hoftrol	amber	6.2%	't Hofbrouwerijke
Holger	pils	5%	Brewery Martens
Holsbeek Lentetripel	tripel	8.5%	Brewery De Vlier
Hommelbier	goudkleurig, high fermentation	7.5%	Brewery Van Eecke
Hop Harvest	sterk donker	8%	Brewery De Ranke
Hop Ruiter	tripel	8%	Scheldebrouwerij
Hopjutters Triple Hop	India Pale Ale	7.3%	Brewery De Graal voor De Hopjutters
Hoppa Hontas	India Pale Ale	6.5%	Brewery Maenhout
Hoppe	pils	5%	Brewery Van Steenberge
Hopus	high fermentation, goudblond	8.3%	Brewery Lefebvre
Hopverdomme		7.5%	De Struise Brouwers
Horal's Oude Geuze Mega Blend	geuze	7%	3 Fonteinen, Brewery Boon, Timmermans, Oud Beersel, Lindemans, De Troch, De Cam, Hanssens
Horse Ale		4.5%	Inbev Belgium
Horst bier	lage gisting, blond	6.5%	Brewery Haacht
Hotteuse Grand Cru	donker	8%	Affligem Brewery
Houblon Chouffe Dobbelen IPA Tripel	India Pale Ale	9%	Brewery d'Achouffe (Duvel-Moortgat)
Hougaerdse Das	high fermentation, amber	5.1%	Brewery De Kluis (InBev)
Houten Kop	speciaalbier	6.5%	Brewery Strubbe
Huardis	witbier	5.2%	Brewery Nieuwhuys
Ichtegem’s grand cru		6.5%	Brewery Strubbe
Ichtegem's Oud Bruin	roodbruin, high fermentation	5%	Brewery Strubbe
Ignis & Flamma	IPA	7%	De Struise Brouwers bij Brewery Deca
IPA	IPA	7.9%	Brewery Strubbe
Iris	spontane gisting, amber	6%	Brewery Cantillon
Irma	fruitbier	6%	voor bierfirma Vacas
Itters Bruin	tafelbier	1.3%	Brewery Sint-Jozef
Jack’Ouille	blond	5.5%	Brasserie de Bouillon
Jack-Op	gemengde gisting	5.5%	Brewery Boon
Jaded Stillwater Artisanal	Belgo/american ale	10%	De Struise Brouwers bij Brewery Deca
Jambe-de-bois	tripel	8%	Brewery De Ranke voor Brasserie de la Senne
Jan Buuc	etiketbier	7.5%	Brewery Het Sas
Jan De Lichte	witbier	7%	Brewery De Glazen Toren
Jan van Gent	blond	5.5%	Brewery Liefmans
Jan van Oudenaarde	blond	8%	Brewery Slaapmutske
Jean Nicot	tripel, tabaksbier	8.5%	Brewery De Graal
Jeanke	Blonde		Brasserie St. Jean
Jessenhofke Bruin	high fermentation, biologisch	7%	De Proefbrouwerij voor Brewery Jessenhofke
Jessenhofke Maya	high fermentation, biologisch	6%	De Proefbrouwerij voor Brewery Jessenhofke
Jessenhofke Tripel	high fermentation, biologisch, tripel	8%	De Proefbrouwerij voor Brewery Jessenhofke
Jezuwiet	high fermentation, tripel	8.5%	Brewery Boelens
Johannes	streekbier	6.5%	Brewery De Graal voor bierfirma Johannes
Joseph	high fermentation, blond, spelt	5.4%	Brasserie de Silenrieux
Joseph Bio	high fermentation, blond, spelt	5.4%	Brasserie de Silenrieux
Joup	high fermentation	7.5%	Brasserie Grain d'Orge
Julius	high fermentation, bruin	8.7%	Brewery De Kluis (InBev)
Judas	high fermentation, okerblond	8.5%	Alken-Maes (Heineken)
Jules de Bananes	fruitbier, wit	4.9%	Brewery De Ryck
Jules de Kriek	fruitbier, robijnrood	4.9%	Brewery De Ryck
Jupiler	pils	5.2%	Brewery Piedbœuf
Jupiler Blue	lage gisting, pils	3.3%	Brewery Piedbœuf (InBev)
Jupiler NA	alcoholarm	0.5%	Brewery Piedbœuf (InBev)
Jupiler New Tauro	lage gisting	6.2%	Inbev
Jupiler Tauro	lage gisting	8.3%	Inbev
Kalle	tripel	8%	Brewery Gulden Spoor
Kameleon Amber	biologisch	6.5%	Brewery Den Hopperd
Kameleon Donker	biologisch	6%	Brewery Den Hopperd
Kameleon Ginseng	biologisch	6.5%	Brewery Den Hopperd
Kamil	high fermentation	6.5%	De Proefbrouwerij voor bierfirma BVG
Kameleon Tripel	biologisch, tripel	8.5%	Brewery Den Hopperd
Kapel van Viven Blond	blond	6.8%	De Proefbrouwerij voor Beerdevelopment Viven
Kapel van Viven Bruin	bruin	6.6%	De Proefbrouwerij voor Beerdevelopment Viven
Kapittel Abt	bruin	10%	Brewery Van Eecke
Kapittel Blond	blond	6.5%	Brewery Van Eecke
Kapittel Dubbel	bruin	7.5%	Brewery Van Eecke
Kapittel Pater	bruin	6%	Brewery Van Eecke
Kapittel Prior	bruin	9%	Brewery Van Eecke
Kapittel Tripel Abt	tripel	10%	Brewery Van Eecke
Karlsquell	pils	4.6%	Brewery Martens
Kastaar	blond	6%	Brewery De Block
Kasteel Blond	blond, high fermentation	7%	Brewery Van Honsebrouck
Kasteel Cuvée du Chateau	donker	11%	Brewery Van Honsebrouck
Kasteel Donker	donker	11%	Brewery Van Honsebrouck
Kasteel Rouge	kriek	8%	Brewery Van Honsebrouck
Kasteel Tripel	tripel	11%	Brewery Van Honsebrouck
Kasteelbier Blond	blond	11%	Brewery Van Honsebrouck
Kasteelbier Bruin	bruin	11%	Brewery Van Honsebrouck
Kasteelbier Ooidonk	etiketbier	11%	Brewery Van Honsebrouck
Kastel	amber	7%	De Proefbrouwerij in opdracht van De Kastelse Biervereniging
Kastels pompoenbier	tarwebier, seizoensgebonden, met pompoen		De Proefbrouwerij in opdracht van De Kastelse Biervereniging
Katje Special	high fermentation, ale	6%	Brewery Het Sas
Keikoppenbier	blond, biologisch	6.1%	Brewery De Plukker
Keizer Karel Robijn Rood	robijnrood	8.5%	Brewery Haacht
Keizer Karel Goud Blond	blond	8.5%	Brewery Haacht
Keizersberg	Abbey Beer	9%	Brewery Van Steenberge
Kempisch Vuur 3-Dubbel	bruin	7.5%	De Proefbrouwerij in opdracht van Brewery Pirlot
Kempisch Vuur Tripel	tripel	7.5%	De Proefbrouwerij in opdracht van Brewery Pirlot
Kerasus	donkerrood	5.5%	Brewery Alvinne
Kerelsbier Donker	etiketbier	6.4%	Brewery Het Sas
Kerelsbier Licht	etiketbier	6.4%	Brewery Het Sas
Kerkomse Tripel	tripel	9%	Brewery Kerkom bij Brewery Sint-Jozef
Kerstpater	high fermentation, kerstbier	9%	Brewery Van Den Bossche
Kerstbie	donker, kerstbier	8%	Brewery De Bie
KerstSmiske	donker, kerstbier	11%	Brewery Smisje
Kerstvuur	kerstbier	8%	De Proefbrouwerij voor Brewery Pirlot
Kessel 69	high fermentation	6.9%	Brewery De Vlier
Kessel Blond	high fermentation	7.5%	Brewery De Vlier
Keyte	blond, high fermentation	7.5%	Brewery Strubbe
Keyte-Dobbel-Tripel	robijnrood, high fermentation	9.2%	Brewery Strubbe
Kleveretien	high fermentation, winterbier	10%	De Scheldebrouwerij voor Brewery Het Nest
Klingse Kalsei	high fermentation, streekbier	8%	Brewery Van Steenberge
Kloeke Blonde	high fermentation, Belgische blonde ale	6%	De Struise Brouwers
Klokke Roeland	donker	11.5%	Brewery Van Steenberge
Klooster van Viven	bruin	6.6%	De Proefbrouwerij voor Beerdevelopment Viven
Koantjesbier	high fermentation	7%	De Proefbrouwerij voor Bierfirma Vacas
Koekelaring	high fermentation	6.5%	Brewery De Graal voor De Hoevebrouwers
Koeketiene	tripel	8.5%	Brewery Maenhout
Koerseklakske	high fermentation	5.5%	Brewery 't Gaverhopke
Korsakoff	ongefilterd blond bier	6.5%	't Hofbrouwerijke
Kortrijk-d’Utsel	brutbier	8.5%	Brewery Kortrijk-d’Utsel
Kriek Belgique	fruitbier	3.5%	Brasserie du Bocq
Kriek Boon	lambiek	4.5%	Brewery Boon
Kriek Cantillon 100% Lambic	lambiek	5.5%	Brewery Cantillon
Kriek De Ranke	fruitbier	4.5%	Brewery De Ranke
Kriek de Silenrieux	fruitbier	4.5%	Brasserie de Silenrieux
Kriek Fantastiek	fruitbier, roodbruin	4.9%	Brewery De Ryck
Kriek Girardin	lambiek	5%	Brewery Girardin
Kriek Jacobins	lambiek	4.5%	Brewery Bockor
Kriek Lindemans	lambiek	3.5%	Brewery Lindemans
Kriek Mariage Parfait	lambiek	8%	Brewery Boon
Kriekedebie	fruitbier	4.4%	Brewery De Bie
Kriekenbier	fruitbier, lage gisting	4%	Brewery Sint-Jozef
Kriekenbier	fruitbier	4.5%	Brewery Strubbe
Kriek Max	fruitbier	3.2%	Brewery Bockor
Kwaremont	blond, high fermentation	6.6%	Brewery Bavik
Kwets	blond tarwebier	6.8%	Brewery De Graal voor Microbrouwerij Paeleman in opdracht van Kwets vzw
Kwibus Blond	blond, high fermentation	6.4%	Brewery Danny
Kwibus Donker	high fermentation	6.4%	Brewery Danny
La Barbiot Ambrée	high fermentation	9.5%	Brasserie la Barbiot
La Barbiot Blonde	high fermentation	8%	Brasserie la Barbiot
La Binchoise Blonde	high fermentation, blond	6.2%	Brewery La Binchoise
La Binchoise Brune	high fermentation	7.7%	Brewery La Binchoise
La Binchoise Organic’ Brune	high fermentation, biologisch	7%	Brewery La Binchoise
La Binchoise Organic’ Miel	high fermentation, biologisch, honingbier	8.5%	Brewery La Binchoise
La Binchoise Organic’ Triple	high fermentation, biologisch, tripel	8.5%	Brewery La Binchoise
La Binchoise Spéciale Noël	high fermentation, kerstbier	9%	Brewery La Binchoise
La Binchoise Triple	high fermentation, tripel	8.5%	Brewery La Binchoise
La Binchoise XO	high fermentation	12%	Brewery La Binchoise
La Botteresse Ambrée	high fermentation	8.5%	Brasserie la Botteresse de Sur-les-bois
La Botteresse de Noël	high fermentation, kerstbier	10.5%	Brasserie la Botteresse de Sur-les-bois
La Botteresse Blonde	high fermentation	7.5%	Brasserie la Botteresse de Sur-les-bois
La Botteresse Brune	high fermentation	9.5%	Brasserie la Botteresse de Sur-les-bois
La Botteresse aux cerises	high fermentation, fruitbier	5.5%	Brasserie la Botteresse de Sur-les-bois
La Botteresse Ambrée au miel	high fermentation, honingbier	8.5%	Brasserie la Botteresse de Sur-les-bois
La Botteresse aux pommes	high fermentation, fruitbier	5.4%	Brasserie la Botteresse de Sur-les-bois
La Blanche des Saisis	witbier	6.2%	Brasserie Ellezelloise
La Bouillonnaise	bruin, high fermentation	7%	Brasserie de Bouillon
La Chérie	fruitbier	5%	Brasserie Val de Sambre
La Chèvenis	high fermentation	6%	Brasserie de Bouillon
La Chouffe	blond, high fermentation	8%	Brewery d'Achouffe (Duvel-Moortgat)
La Corne du Bois des Pendus Blonde	high fermentation, blond	5.9%	Brasserie d'Ebly
La Corne du Bois des Pendus Triple	high fermentation, triple	7%	Brasserie d'Ebly
La Cré Tonnerre	high fermentation, tripel	7%	Brasserie de Silly
La Divine	high fermentation, amber	9.5%	Brasserie de Silly
La Douce Vertus	high fermentation, ale	7%	Brasserie Millevertus
La Fumette	high fermentation, Rauchbier	6.5%	Brasserie Millevertus
La Grognarde	high fermentation	5.5%	Brasserie Sainte-Hélène
La Guillotine	sterk blond	8.5%	Brewery Huyghe
La Jamboise de Bister	bleek blond	6.5%	Brewery Lefebvre
La Loubécoise	donker, high fermentation	8%	Brasserie d'Ecaussinnes
La Mac Vertus	stout	4.8%	Brasserie Millevertus
La Médiévale	amber, high fermentation	6%	Brasserie de Bouillon
La Mère Vertus	tripel	7%	Brasserie Millevertus
La Moneuse	saison, amber	8%	Brasserie de Blaugies
La Moneuse Spéciale Noël	saison, bruin, high fermentation	8%	Brasserie de Blaugies
La Moraipire	tripel	8.5%	Brasserie Millevertus
La Namuroise	high fermentation	7%	Les Artisans Brasseurs
La Noire Fontaine	high fermentation	8%	Brasserie de Bouillon
La Penneffoise	fruitbier	8%	Brasserie d'Ecaussinnes
La Pils des 3 Canaux	pils	4.5%	Authentique Brasserie
La Poiluchette Blonde Cuvéé du Château	high fermentation	7.5%	Brewery Huyghe
La Poiluchette Brune	high fermentation	7.5%	Brewery Huyghe
La Poirette de Fontaine	high fermentation, fruibier	8.5%	Brasserie la Botteresse de Sur-les-bois
La Prime	high fermentation, winterbier	8.5%	Brasserie Sainte-Hélène
La Rulles Blonde	high fermentation	7%	Brasserie Artisanale de Rulles
La Rulles Brune	high fermentation	6.5%	Brasserie Artisanale de Rulles
La Rulles Cuvée Meilleurs Vœux	high fermentation, winterbier	7.3%	Brasserie Artisanale de Rulles
La Rulles Estivale	high fermentation	5.2%	Brasserie Artisanale de Rulles
La Rulles La Grande 10	high fermentation, Belgian strong pale ale	10%	Brasserie Artisanale de Rulles
La Rulles Triple	high fermentation, tripel	8.4%	Brasserie Artisanale de Rulles
La Safranaise	high fermentation, kruidenbier	7%	Brasserie Millevertus
La Saison de Pipaix		6%	Brasserie à Vapeur
La Saison des Chasses Ambrée	saison	7%	Brasserie de Bouillon
La Saison des Chasses Blonde	saison	6%	Brasserie de Bouillon
La Sambresse Blonde	high fermentation	8%	Brewery Brootcoorens
La Spéciale Fêtes	winterbier	8.5%	Brasserie de Bouillon
La Trompeuse	high fermentation	6.9%	Brasserie Jean Tout Seul
La Troufette Belle d'été	high fermentation	6%	Brasserie de Bastogne
La Troufette Blonde	high fermentation	6%	Brasserie de Bastogne
La Troufette Brune	high fermentation, winterbier	6.8%	Brasserie de Bastogne
La Troufette Givrée	high fermentation	8%	Brasserie de Bastogne
La Troufette Rousse	high fermentation	7.8%	Brasserie de Bastogne
La Vauban	Abbey Beer	6%	Brasserie de Bouillon
La Vapeur en Folie		8%	Brasserie à Vapeur
La Vapeur Légère		5%	Brasserie à Vapeur
La Waterlootoise	tripel	9%	Brewery Van Steenberge
Lam Gods	bruin dubbel	6.8%	Brewery Van Steenberge voor Brewery Paeleman
L’Amarante	high fermentation, kruidenbier	8%	Brasserie Millevertus
Lambinus	high fermentation, honingbier	8%	De Proefbrouwerij voor bierfirma Lesage
Lamme Goedzak	high fermentation	7%	De Scheldebrouwerij
Lamoral Degmont	high fermentation, amberblond	8%	Brewery Van Den Bossche
Le Pavé de l'Ours	high fermentation, speciale belge	7.5%	Brasserie de Silenrieux
Leeuw Pilsener	pilsener	5%	Brewery Haacht
Leeuwse Witte	witbier	5%	Affligem Brewery (Brewery De Smedt)
Leffe Blond	blond, Abbey Beer	6.6%	AB InBev
Leffe Bruin	bruin, Abbey Beer	6.5%	AB InBev
Leffe Kerst	kerstbier, Abbey Beer	6.5%	AB InBev
Leffe Lente	Abbey Beer	6.5%	AB InBev
Leffe Radieuse	Abbey Beer	8.2%	AB InBev
Leffe Royale	blond, Abbey Beer	7.5%	AB InBev
Leffe Ruby	fruitbier, Abbey Beer	6.5%	AB InBev
Leffe Tripel	tripel, Abbey Beer	8.4%	AB InBev
Leffe Vieille Cuvée	Amber	8.2%	AB InBev
Leffe 9°	high fermentation	9%	AB InBev
Leireken Boekweit Blond	amber, high fermentation, boekweit, biologisch	6%	Brewery Strubbe voor Guldenboot nv
Leireken Boekweit Bruin	bruin, high fermentation, boekweit, biologisch	6%	Brewery Strubbe voor Guldenboot nv
Leireken Lager Bio	pils, biologisch	5.2%	Brewery Strubbe voor Guldenboot nv
Leireken Wilde Vruchten	fruitbier, high fermentation, biologisch	5.2%	Brewery Strubbe voor Guldenboot nv
Leireken Witte Spelt	blond, high fermentation, spelt	5%	Brewery Strubbe voor Guldenboot nv
L'Enfant Terrible	high fermentation, oak aged	7%	Brewery De Dochter van de Korenaar
Lesage Blond	high fermentation, tripel	7%	De Proefbrouwerij voor bierfirma Lesage
Lesage Dubbel	high fermentation	7.5%	De Proefbrouwerij voor bierfirma Lesage
Leute Bokbier	roodbruin, high fermentation	7.5%	Brewery Van Steenberge
Li Berwette	amber, high fermentation	8%	Brasserie Saint-Monon voor Confrérie du Busson
Li Berwette di Noyè	donker kerstbier	8.5%	Brasserie Saint-Monon voor Confrérie du Busson
Liefmans Cuvée-Brut	fruitbier	6%	Brewery Liefmans
Liefmans Frambozenbier	fruitbier	5.4%	Brewery Liefmans
Liefmans Fruitesse Rood	fruitbier	4.2%	Brewery Liefmans
Liefmans Goudenband	bruin	8%	Brewery Liefmans
Liefmans Oud Bruin	oud bruin	5%	Brewery Liefmans
Liene	amber, tripel	7%	't Hofbrouwerijke in opdracht van Brewery Het Nest
Liers Kerstbier	amber, kerstbier	6%	Brewery Strubbe voor stad Lier
Lily Blue	high fermentation	7.5%	Brasserie Sainte-Hélène
Limburgse Witte	high fermentation	5%	Brewery Sint-Jozef
Limerick	blond	8%	De Proefbrouwerij voor bierfirma Bas-bieren
Lindemans Apple	lambiek	3.5%	Brewery Lindemans
Lindemans Cassis	Fruitbier	3.5%	Brewery Lindemans
Lindemans Framboise	lambiek	2.5%	Brewery Lindemans
Lindemans Kriek	kriek	4%	Brewery Lindemans
Lindemans Pecheresse	fruitbier	2.5%	Brewery Lindemans
Liter van Pallieter	tripel	8%	Microbrouwerij Achilles
Living Tripel	tripel	9%	De Proefbrouwerij
Livinus	blond, high fermentation	10%	Brewery Van den Bossche
Livinus Blonde	tripel	10%	Brewery Van Eecke
Livinus Brune	donker	9%	Brewery Van Eecke
Lokernaere	etiketbier	5.5%	Brewery Het Sas
Loterbol 6°	high fermentation	6%	Brewery Loterbol
Loterbol Blond	high fermentation	8%	Brewery Loterbol
Loterbol Bruin	high fermentation	8%	Brewery Loterbol
Lou Pepe	geuze	5%	Brasserie Cantillon
Louwaege Dubbel Blond	tafelbier	1.4%	Brewery Louwaege
Louwaege Faro	tafelbier	1.4%	Brewery Louwaege
Louwaege's Kriek	kriek	4.3%	Breweryen Alken-Maes
Louwaege Stout	stout	4.8%	Brewery Louwaege
Lozen Boer	high fermentation, quadrupel	10%	De Proefbrouwerij voor de familie Neyt
Lucifer	blond, high fermentation	8.4%	Brewery Het Anker (vroeger in Brewery Riva en Brewery Liefmans)
Lupulus Blonde	high fermentation	8.5%	Brasserie les 3 Fourquets
Lupulus Brune	tripel	8.5%	Brasserie les 3 Fourquets
Lustem	tarwebier	7%	‘t Hofbrouwerijke voor De Verhuisbrouwerij
Ma Mère Spéciale	donkerblond	6%	Brewery De Leite
Maerlant	tripel	9%	Brewery Van Steenberge
Maes	pils	5.2%	Alken-Maes
Maes Nature	tafelbier	1.5%	Alken-Maes (Heineken)
Mageleno	blond	7.5%	Huisbrouwerij Sint Canarus
Malheur 6	goudblond	6%	Brewery De Landtsheer
Malheur 8	blond	8%	Brewery De Landtsheer
Malheur 10	blond	10%	Brewery De Landtsheer
Malheur 12	roodbruin	12%	Brewery De Landtsheer
Malheur Bière Brut	blond	11%	Brewery De Landtsheer
Malheur Dark Brut	donkerbruin	12%	Brewery De Landtsheer
Malheur Cuvée Royale	blond	9%	Brewery De Landtsheer
Maltosa	bruin, tafelbier	1.2%	Brewery Haacht
Mamouche	lambiek	5%	Brewery Cantillon
Maneblusser	blond	6%	Brewery Het Anker
Manneke Pils	pils	5.2%	Brewery Lefebvre
Mano Negra	imperial stout	10%	Brewery Alvinne
Manten	high fermentation	6%	Brewery Gulden Spoor
Marckloff	high fermentation	6.5%	Brasserie La Ferme au Chêne
Maredsous blond	blond	6%	Brewery Duvel Moortgat
Maredsous bruin	bruin	8%	Brewery Duvel Moortgat
Maredsous tripel	tripel	10%	Brewery Duvel Moortgat
Margriet	etiketbier	6.5%	Brewery Het Anker
Martens Pils	pils	5%	Brewery Martens (Bocholt)
Martin’s Blond	high fermentation	6%	Group John Martin
Martin’s Pale Ale	high fermentation	5.5%	Group John Martin
Mater Witbier	tarwebier	5%	Brewery Roman
Mc Chouffe	donker	8.0%	Brasserie d'Achouffe (Duvel-Moortgat)
Mc Thals	blond, high fermentation	9.5%	Brewery DijkWaert
Melchior	amber	11%	Brewery Alvinne
Melchior Oak Aged	oak aged	11%	Brewery Alvinne
Melse God	blond	6.5%	Brewery Huyghe
Merck toch hoe sterck	gerstewijn	9%	De Scheldebrouwerij
Métisse Saison	saison	5.7%	De Lion à Plume bij Brasserie Sainte-Hélène
Meuuh!	witbier	5.5%	Brasserie Saint-Monon voor Confrérie du Busson
Mistinguett	high fermentation	6.5%	Brasserie Sainte-Hélène
Modeste Bruin	bruin, biologisch	7.8%	Brewery Strubbe voor BioFresh
Modeste Tripel	tripel, biologisch	8.4%	Brewery Strubbe voor BioFresh
Moeder Overste	blond	8%	Brewery Lefebvre
Moinette Blonde	blond	8%	Brasserie Dupont
Moinette Brune	bruin	8.5%	Brasserie Dupont
Moinette Biologique	blond, biologisch	7.5%	Brasserie Dupont
Molse Tripel	tripel	8.3%	Scheldebrouwerij
Mongozo Banana	fruitbier	4.5%	Brewery Huyghe
Mongozo Coconut	fruitbier	3.5%	Brewery Huyghe
Mongozo Mango	fruitbier	3.6%	Brewery Huyghe
Mongozo Palmnut	fruitbier	7%	Brewery Huyghe
Mongozo Premium Pilsener	pils, biologisch	5%	Brewery Huyghe
Mongozo Quinua	fruitbier	5.9%	Brewery Huyghe
Monk's Stout	stout	5.2%	Brasserie Dupont
Mont-Saint-Aubert	tripel	8%	Brasserie de Brunehaut
Montagnarde	amber	9%	Brasserie de l'Abbaye des Rocs
Montagnarde Altitude 6	blond	6%	Brasserie de l'Abbaye des Rocs
Morpheus Dark	high fermentation	10.2%	Brewery Alvinne
Morpheus Extra RA	high fermentation	7.1%	Brewery Alvinne
Morpheus Tripel	high fermentation, tripel	8.7%	Brewery Alvinne
Morpheus Wild	Vlaams oud bruin	5.9%	Brewery Alvinne
Mort Subite Cassis	fruitbier	4.5%	Breweryen Alken-Maes
Mort Subite Faro	faro	4%	Alken-Maes
Mort Subite Framboise	fruitbier	5%	Alken-Maes
Mort Subite Gueuze	geuze	4.5%	Alken-Maes
Mort Subite Kriek	fruitbier	4.5%	Alken-Maes
Mort Subite Original Gueuze	geuze	4.5%	Alken-Maes
Mort Subite Original Kriek	fruitbier	4.5%	Alken-Maes
Mort Subite Oude Gueuze	oude geuze	7%	Alken-Maes
Mort Subite Oude Kriek	oude kriek	6.5%	Alken-Maes
Mort Subite Pêche	fruibier	4.5%	Alken-Maes
Mort Subite Xtreme Framboise	fruitbier	4.3%	Alken-Maes
Mort Subite Xtreme Kriek	fruitbier	4.3%	Alken-Maes
Mort Subite Xtreme Manzana	fruitbier	4.2%	Alken-Maes
Mort Subite Witte Lambic	lambiek	5%	Alken-Maes
Motuecha	high fermentation	5%	De Struise Brouwers
Moulin de Hollange – Blonde d’Epeautre	high fermentation, speltbier	6%	Brasserie Millevertus
Mouten Kop	koperkleurig India Pale Ale	6%	Brewery De Graal voor De Hopjutters
Mug	high fermentation	5%	De Scheldebrouwerij
Myn's Pils	pils	5%	Brasserie de Silly
Mystic Krieken	high fermentation, fruitbier	3.5%	Brewery Haacht
Mystic Limoen	high fermentation, fruitbier	3.5%	Brewery Haacht
Mystic Perzik	high fermentation, fruitbier	3.7%	Brewery Haacht
'n Maurootje	donkerblond	7%	Brewery Alvinne
'n Peerdevisscher	bruin	6.5%	Brewery Strubbe
'n Slypke	roodbruin, etiketbier	6%	Brewery Van Eecke
'n Toeback	high fermentation	9.5%	Scheldebrouwerij
Naked Ladies	high fermentation	4.4%	Brewery Alvinne
Napoleon	donker	7%	Affligem Brewery (Brewery De Smedt)
Ne Flierefluiter	tripel	8.5%	Brewery De Smedt in opdracht van bierfirma Fisser
Ne Kopstoot	high fermentation, goudkleur	7%	Brasserie de Brunehaut
Ne Snoeper	tripel	10%	't Hofbrouwerijke
Nello's Blond	blond	7%	Brewery De Arend
Nello's Tripel	tripel		Brewery De Arend
Nen Bangelijke	sterk blond	8%	Brewery 't Pakhuis
Nen Biskop	blond	6.4%	Brewery Danny voor Stichting Marcel De Bisschop
Nen Kerstbal	kerstbier	8%	voor bierfrima Vacas
Nen Uts	speciale belge	7%	Brewery De Graal voor De Hoevebrouwers
Netebuk	sterk blond	6.5%	Brewery Gulden Spoor
Newton	fruitbier	3.5%	Brewery Lefebvre
N'Ice Chouffe	donker seizoensbier	10%	Brasserie d'Achouffe (Duvel-Moortgat)
Nivoo	tripel	7%	Brewery Anders! voor GIBRIT
Noblesse	high fermentation, blond	5.5%	Brewery De Dochter van de Korenaar
Noblesse Extra	high fermentation, IPA	7%	Brewery De Dochter van de Korenaar
Noël de Silenrieux	tripel, kerstbier	9%	Brasserie de Silenrieux
Noir de Dottignies	high fermentation	9%	Brewery De Ranke
Nondedju	tripel	10.7%	’t Hofbrouwerijke voor Montaigu
NOORderbierke	high fermentation, amberblond	8.1%	Brewery Donum Ignis
Nostradamus	high fermentation, bruin	9%	Brasserie Caracole
Notre Passion	porter	8%	’t Hofbrouwerijke voor Montaigu
Nounnette	blond	7.5%	Brasserie de l'Abbaye des Rocs
Nuits Blanches		7.5%	Brasserie de l'Abbaye des Rocs
Odlo Blond	high fermentation	6.7%	Brewery De Graal voor (T)Huisbrouwerij Odlo
Odlo Hivernum	winterbier, Belgian Imperial Stout	8.7%	Brewery Lupus voor (T)Huisbrouwerij Odlo
Odlo Triviaal	tripel	8.2%	Brewery De Graal voor (T)Huisbrouwerij Odlo
Oeral	India Pale Ale	6%	De Dolle Brouwers
Oerbier	high fermentation	7.5%	De Dolle Brouwers
Oerbier special Reserva	high fermentation	13.0%	De Dolle Brouwers
Oesterstout	stout	8.5%	De Scheldebrouwerij
Omer.	high fermentation, blond	8%	Brewery Bockor
Ommegang	strogeel, high fermentation	8%	Brewery Haacht
Ondineke	tripel	8.5%	Brewery De Glazen Toren
Op-Ale	ale	5%	Affligem Brewery (Brewery De Smedt)
Opitter	export		Brewery Sint-Jozef
Ops-Ale	blond	5.5%	Brewery Sint-Jozef
Orval	trappist	6.2%	Abdij Notre-Dame d'Orval
Orvélo	tripel	7.5%	De Proefbrouwerij voor bierfirma Half Zeven
Oudbeitje	aardbeienlambiek	6%	Hanssens Artisanaal
Oud Bier	tafelbier	2.1%	Brewery Strubbe
Oud Tassels	tripel	8.5%	Brewery Boelens voor Bier- en Wijnhandel De Neys-Asselman
Oud Kriekenbier	fruitbier	6%	Brewery Strubbe
Oud Zottegems Bier	high fermentation	6.5%	Brewery Strubbe
Oude Geuze 3 Fonteinen	geuze	7%	Geuzestekerij 3 Fonteinen
Oude Geuze Vintage 3 Fonteinen	geuze	6%	Geuzestekerij 3 Fonteinen
Oude Geuze Boon	geuze	6.5%	Brewery Boon
Oude Geuze De Cam	geuze	6%	Geuzestekerij De Cam
Oude Geuze Oud Beersel	geuze	6%	Brewery Oud Beersel
Oude Gueuze Hanssens	geuze	6%	Hanssens Artisanaal
Oude Gueuze Tilquin à l'ancienne	geuze	6.0%	Gueuzerie Tilquin
Oude Kriek 3 Fonteinen	lambiek/kriek	6%	Geuzestekerij 3 Fonteinen
Oude Kriek Boon	lambiek	6.5%	Brewery Boon
Oude Kriek De Cam	lambiek/kriek	6.5%	Geuzestekerij De Cam
Oude Kriek Hanssens	lambiek/kriek	6%	Hanssens Artisanaal
Oude Kriek Oud Beersel	lambiek	6.5%	Brewery Oud Beersel
Oude Lambiek De Cam	lambiek	5%	Geuzestekerij De Cam
Oude Quetsche Tilquin à l'ancienne	lambiek	6.4%	Gueuzerie Tilquin
Outblack	Belgian Strong Ale	10%	De Struise Brouwers
Oxymore	amber, high fermentation	5%	Brasserie Oxymore
Paasei	bruin	7.8%	voor bierfirma Vacas
Pa-Gijs	bruin	8.5%	Brewery Boelens
Paix-Dieu	Abbey Beer	10%	Brasserie Caulier
Palm	spéciale belge	5.4%	Brewery Palm
Palm Dobbel	kerstbier	6%	Brewery Palm
Palm Green	alcoholarm	0.25%	Brewery Palm
Palm Hopper	high fermentation	6%	Brewery Palm
Palm N.A	alcoholarm	0.25%	Brewery Palm
Palm Royale	high fermentation	7.5%	Brewery Palm
Palm Sauvin	high fermentation	4.9%	Brewery Palm
Palm Speciale	spéciale belge	5.2%	Brewery Palm
Pandreitje	donkerblond	7%	Brewery De Regenboog
Pannepot	high fermentation	10%	De Struise Brouwers bij Brewery Deca
Pannepot Reserva	high fermentation, bruin	10%	De Struise Brouwers bij Brewery Deca
Pannepot Grand Reserva Vintage	high fermentation, bruin	10%	De Struise Brouwers bij Brewery Deca
Pannepeut	high fermentation	10%	De Struise Brouwers bij Brewery Deca
Papegaei	high fermentation	8%	Brewery Deca voor Verstraete
Passendale	amber	6%	Brewery Duvel Moortgat
Pater	streekbier	6%	De Scheldebrouwerij voor De Lelie
Pater Lieven Blond	Abbey Beer	6.5%	Brewery Van Den Bossche
Pater Lieven Bruin	Abbey Beer	6.5%	Brewery Van Den Bossche
Pater Lieven Tripel	Abbey Beer	8%	Brewery Van Den Bossche
Pater Lieven Wit	Abbey Beer	8%	Brewery Van Den Bossche
Pater Verbiest Blond	biologisch, blond	6.5%	De Proefbrouwerij
Pater Verbiest Donker	biologisch, donker	9%	De Proefbrouwerij
Paternoster Dubbel	bruin dubbel	8%	Microbrouwerij Achilles in De Proefbrouwerij in opdracht van Paters en Prinsen
Paternoster Tripel	tripel	8%	Brewery Lupus in opdracht van Paters en Prinsen
Patrasche dubbel	donkerbruin	8%	Brewery De Arend
Paulus	oud bruin	6%	Brewery Het Sas
Paus	streekbier	8.5%	De Scheldebrouwerij voor De Lelie
Pauwel Kwak	speciaalbier	8.4%	Brewery Bosteels
Pax Pils	pils	4.6%	Brewery Sint-Jozef
Pêche Mel Bush	fruitbier	8.5%	Brewery Dubuisson
Pee Klak Grand Cru	etiketbier	8.4%	Brewery Strubbe voor Brewery Crombé
Père Abbé	tripel	7.3%	Brasserie Du Bocq
Père Noël	kerstbier	7%	Brewery De Ranke
Peter Benoit	etiketbier	5%	Brewery Het Sas
Petrus Aged Pale	aged pale	7.3%	Brewery Bavik
Petrus Blond	high fermentation, blond	6.6%	Brewery Bavik
Petrus Dubbel Bruin	bruin	6.5%	Brewery Bavik
Petrus Gouden Tripel	tripel	7.5%	Brewery Bavik
Petrus Oud Bruin	oud bruin	5.5%	Brewery Bavik
Petrus Speciale	speciaalbier	5.5%	Brewery Bavik
Petrus Winterbier	winterbier	6.5%	Brewery Bavik
Pick-Up	pils	5%	Brewery Walrave
Piedbœuf Blonde	tafelbier	1.5%	Brewery Piedbœuf (InBev)
Piedbœuf Brune	tafelbier	1.5%	Brewery Piedbœuf (InBev)
Piedbœuf Excellence	tafelbier	2%	Brewery Piedbœuf (InBev)
Piedbœuf Foncée	tafelbier	1.5%	Brewery Piedbœuf (InBev)
Piedbœuf Triple	tafelbier	3.8%	Brewery Piedbœuf (InBev)
Pierewietje		6%	Brewery De Regenboog
Piet-Agoras	high fermentation	9%	Brewery Het Alternatief bij Brewery De Graal
Pikkeling	amber, high fermentation	6.2%	Brewery Slaghmuylder in opdracht van VVV De Faluintjesstreek
Pikkeling Tripel	tripel	8%	Brewery Boelens in opdracht van VVV De Faluintjesstreek
Pilaarbijter Blond	high fermentation	7.2%	Brewery Bavik
Pilaarbijter Bruin	high fermentation	6.5%	Brewery Bavik
Pils de Brabant	pils	4.9%	Groep John Martin
Pimpernelle	tripel, biologisch	8%	Brewery Jessenhofke
Pink Killer	high fermentation, fruitig witbier	5%	Brasserie de Silly
Pipedream	IPA	7.8%	Brewery Alvinne
Piraat	high fermentation	10.5%	Brewery Van Steenberge
Pissenlit	saison	8%	Brasserie Fantôme
Plezir Blond	pils	5.5%	Brewery Sint-Jozef in opdracht van Zirvest Cvba
Plezir Brown	high fermentation	7.1%	Brewery Sint-Jozef in opdracht van Zirvest Cvba
Plezir D Lux Blond	blond aperitiefbier	6.7%	Brewery Sint-Jozef in opdracht van Zirvest Cvba
Plezir D Lux Rosé	rosébier	5.2%	Brewery Sint-Jozef in opdracht van Zirvest Cvba
Ploegsteert		5.4%	Brewery Verhaeghe Vichte
Plokkersbier	amber	7%	Brewery De Bie
PMPRNL	tripel, biologisch	8%	Brewery Jessenhofke
Podge Belgian Imperial Stout	stout	10.5%	Brewery Alvinne
Podge Oak Aged Stout	stout	11%	Brewery Alvinne
Polygonneke	roodbruin, etiketbier	6%	Brewery Van Eecke
Postel Blond	blond, Abbey Beer	7%	Affligem Brewery (Brewery De Smedt)
Postel Christmas	roodbruin Abbey Beer	9%	Breweryen Alken-Maes
Postel Dubbel	bruin, Abbey Beer	7%	Affligem Brewery
Postel Tripel	blonde tripel, Abbey Beer	8.5%	Affligem Brewery
Potteloereke	bruin	8%	Huisbrouwerij Sint-Canarus
Poorter	Abbey Beer	6.5%	Brasserie du Bocq voor Brewery Sterkens
Poperings Hommelbier	high fermentation	7.5%	Brewery Van Eecke
Poperings Nunnebier	high fermentation	7.2%	Brewery Verhaeghe
Préaris Blond	high fermentation	6%	De Proefbrouwerij voor Vliegende Paard Brouwers
Préaris Quadrupel	Belgian Strong Ale	10%	De Proefbrouwerij voor Vliegende Paard Brouwers
Prima Leroy	tafelbier	3.25%	Brewery Het Sas
Primus	pils	5.2%	Brewery Haacht
Prinsesken	licht rood, fruitbier	6.5%	Brewery Boelens
Qantelaar	quadrupel	8%	Brewery Maenhout voor bierfirma Proefbrouwerij d'oude maalderij
Quadrigenti	blond	5.6%	't Hofbrouwerijke voor bierfirma Montaignu
Quest	blond	9%	Brewery De Graal
Queueu de Charrue Ambrée	amber	5.6%	Brasserie du Bocq in opdracht van Brewery Vanuxeem
Queueu de Charrue Blonde	blond, high fermentation	6.6%	Brasserie du Bocq in opdracht van Brewery Vanuxeem
Queueu de Charrue Brune	oud bruin	5.4%	Brewery Verhaeghe Vichte in opdracht van Brewery Vanuxeem
Queueu de Charrue Triple	tripel	9%	Brewery Van Steenberge in opdracht van Brewery Vanuxeem
Quackelbeens Donker	high fermentation, chocoladebier	7.1%	Brewery Gulden Spoor voor Alain Quackelbeen
Quintine Ambrée	high fermentation	8.5%	Brasserie Ellezelloise
Quintine Bio Organic	high fermentation, biologisch	5.9%	Brasserie Ellezelloise
Quintine Blonde	high fermentation	8%	Brasserie Ellezelloise
Rader Ambrée	amber	10.5%	Brasserie de l'Abbaye du Val-Dieu voor Radermacher Distillerie
Rader Blonde	blond	6.5%	Brasserie de l'Abbaye du Val-Dieu voor Radermacher Distillerie
Ramée Amber	Abbey Beer, amber	7.5%	Brasserie de Brunehaut
Ramée Triple Blond	tripel, blond	8%	Brasserie de Brunehaut
Rebel Local	IPA	8.5%	Brouwersverzet bij Brewery Gulden Spoor
Redbach	fruitbier (kriekensap)	3.5%	Brewery Rodenbach
Redbocq	fruitbier	3.1%	Brasserie Du Bocq
Redor	pils	5%	Brasserie Dupont
Regal Christmas	bruin	8.1%	Brasserie Du Bocq
Reinaert Blond	amber	7%	De Proefbrouwerij
Reinaert Grand Cru	amber	9.5%	De Proefbrouwerij
Reinaert Tripel	blond	9%	De Proefbrouwerij
Revolucion Mexicana’10	lage gisting	5%	Group John Martin
Ridder	alcoholarm	2.25%	Brewery Het Sas
Riebedebie	tripel	9%	Brewery De Bie
Riva Blanche	witbier	5%	Brewery Riva
Robustus	quadrupel	10%	Brewery Het Gulden Spoor
Rochefort 6	trappist	7.5%	Abdij Notre-Dame de Saint-Rémy
Rochefort 8	trappist	9.2%	Abdij Notre-Dame de Saint-Rémy
Rochefort 10	trappist	11.3%	Abdij Notre-Dame de Saint-Rémy
Rodenbach	oud bruin	5.2%	Brewery Rodenbach
Rodenbach Alexander	oud bruin	6%	Brewery Rodenbach
Rodenbach Caractère Rouge	oud bruin	7%	Brewery Rodenbach
Rodenbach Grand Cru	oud bruin	6%	Brewery Rodenbach
Rodenbach Vintage	oud bruin	7%	Brewery Rodenbach
Rogier	speciale belge	6.5%	Brewery De Graal voor Traagwater
Romy Pils	pils	5.1%	Brewery Roman
Ronsischen Dubbel	winterbier	7.4%	De Proefbrouwerij voor bierfirma Slaapmutske
Ronsischen Tripel	tripel	8%	De Proefbrouwerij voor bierfirma Slaapmutske
Roodebol	fruitbier	6.6%	Brewery Loterbol
Rosdel	amber	5.8%	Brewery Nieuwhuys
Rosé de Gambrinus	fruitbier, lambiek	5.5%	Brasserie Cantillon
Rose des Remparts	fruitbier	4.5%	Brasserie La Binchoise
Rosé Max	fruitbier	4.5%	Brewery Bockor
Roste Jeanne	Belgian ale	7%	De Struise Brouwers bij Brewery Deca
Rousse de Brabant	koper-amber	5.2%	Groep John Martin
RSRV	biologisch, roodbruin	10%	Brewery Jessenhofke bij De Proefbrouwerij
's Lands Souvenirs Du Terroir	bruin	11%	Brewery De Landtsheer
Safir	pils	5%	InBev
Saint-Benoît Blonde	blond, high fermentation	6.3%	Brasserie du Bocq
Saint-Benoît Brune	donker, high fermentation	6.5%	Brasserie du Bocq
Saint-Lamvinus	fruitbier, lambiek	6%	Brewery Cantillon
Saint-Monon Ambrée	amber	6.5%	Brasserie Saint-Monon
Saint-Monon au Miel	tripel, honingbier	8%	Brasserie Saint-Monon
Saint-Monon Brune	dubbel	7.5%	Brasserie Saint-Monon
Saison 1900	amber, saison	5.2%	Brewery Lefebvre
Saison 2000	saison	6.5%	Brasserie des Légendes
Saison Cazeau	saison	5%	Brasserie de Cazeau
Saison de Dottignies	saison	5.5%	Brewery De Ranke
Saison de la Senne	saison	4.3%	Brewery De Ranke voor Brasserie de la Senne
Saison de Mai	saison	8.3%	Brasserie Saint-Monon
Saison de Pipaix	saison	6%	Brasserie à Vapeur
Saison d'Epeautre	blond, spelt	6%	Brasserie de Blaugies
Saison d'Erpe-Mere	saison	6.9%	Brewery De Glazen Toren
Saison de Silly	saison, amber	5%	Brasserie de Silly
Saison Dupont	saison	6.5%	Brewery Dupont
Saison Dupont Bio	saison, biologisch	5.5%	Brewery Dupont
Saison Dupont Cuvée Dry Hopping	saison	6.5%	Brewery Dupont
Saison Regal	saison, amber	5.5%	Brasserie du Bocq
Saison St-Feuillien	saison, amber	6.5%	Brasserie Saint-Feuillien
Saison Voisin	saison, amber	5%	Brasserie des Légendes
Santa Bee	bruin kerstbier	8.5%	Brewery Boelens
Sara Blond	blond, high fermentation, boekweit	6%	Brasserie de Silenrieux
Sara Bruin	bruin, high fermentation, boekweit	6%	Brasserie de Silenrieux
Sas Brune	high fermentation	5.3%	Brewery Het Sas
Sas Export	export pils	5%	Brewery Het Sas
Sas Pils	pils	5%	Brewery Het Sas
Sasbräu	Dortmunder	6.3%	Brewery Het Sas
Satan Gold	blond, high fermentation	8%	Brewery De Block
Satan Red	Vlaams bruin	8%	Brewery De Block
Saxo	high fermentation	8%	Brasserie Caracole
Schaarbeekse Oude Kriek 3 Fonteinen	fruitbier, lambiek	5%	Geuzestekerij 3 Fonteinen
Scheldepils	pils	5%	Brewery Huyghe voor de De Scheldebrouwerij
Schoenlappertje	zwarte-bessenbier	5%	De Scheldebrouwerij
Schultenbräu	pils	4.9%	Brewery Martens voor Aldi
Schuppenboer	tripel	8.5%	De Scheldebrouwerij voor Brewery Het Nest
Scotch C.T.S.	scotch	7.2%	Inbev
Scotch Silly	high fermentation, scotch	7.8%	Brasserie de Silly
Seefbier	high fermentation	6.5%	Antwerpse Brouw Compagnie
Serafijn Blond	blond, high fermentation	6.2%	De Proefbrouwerij voor Microbrouwerij Achilles
Serafijn Donker	bruin, high fermentation	8%	De Proefbrouwerij voor Microbrouwerij Achilles
Serafijn Grand Cru	amber, high fermentation	9%	De Proefbrouwerij voor Microbrouwerij Achilles
Serafijn Tripel	tripel	8%	De Proefbrouwerij voor Microbrouwerij Achilles
Serafijn Kerstlicht	amber, kerstbier	7%	De Proefbrouwerij voor Microbrouwerij Achilles
Sernia Brune	scotch, etiketbier	7.2%	Inbev
Sezoens Blond	high fermentation, blond	6%	Brewery Martens (Bocholt)
Sezoens Quattro	high fermentation, amber	8%	Brewery Martens (Bocholt)
Shark Pants	Double IPA	9%	De Struise Brouwers bij Brewery Deca
Silly Pils	pils	5%	Brasserie de Silly
Silly Pils Bio	pils, biologisch	5%	Brasserie de Silly
Sinpalsken Blond	high fermentation	8.5%	Brewery De Cock bij Brewery Van Steenberge
Sinpalsken Donker	high fermentation	8.5%	Brewery De Cock bij Brewery Van Steenberge
Sint-Adriaansbier Blond	Abbey Beer	6.5%	Brewery Van Steenberge
Sint-Adriaansbier Bruin	Abbey Beer		Brewery Van Steenberge
Sint Canarus Tripel	tripel	7.5%	Huisbrouwerij Sint Canarus bij De Proefbrouwerij
Sint-Gummarus Dubbel		7%	Brewery Sint-Jozef
Sint-Gummarus Tripel	high fermentation, tripel	8%	Brewery Sint-Jozef
Sint-Idesbald	high fermentation	6.5%	Brewery Huyghe
Slaapmutske Blond	high fermentation, blond	6.4%	De Proefbrouwerij voor Brewery Slaapmutske
Slaapmutske Bruin	high fermentation, bruin	6%	De Proefbrouwerij voor Brewery Slaapmutske
Slaapmutske Bio Tripel	biologisch, tripel , goudblond	8%	De Proefbrouwerij voor Brewery Slaapmutske
Slaapmutske Hop Collection ft. Kent Goldings	high fermentation, single hop	10%	De Proefbrouwerij voor Brewery Slaapmutske
Slaapmutske Tripel	biologisch, tripel , goudblond	8.1%	De Proefbrouwerij voor Brewery Slaapmutske
Slaapmutske Christmas	high fermentation, kerstbier	7.4%	De Proefbrouwerij voor Brewery Slaapmutske
Slaapmutske Dry Hopped Lager	lage gisting, Dortmunder	5.3%	De Proefbrouwerij voor Brewery Slaapmutske
Slaefke	tripel	7.5%	Huisbrouwerij Sint Canarus voor De Verhuisbrouwerij
Slag Lager	pils	5%	Brewery Slaghmuylder
Slaghmuylder's Kerstbier	lage gisting, blond	5.2%	Brewery Slaghmuylder
Slaghmuylder's Paasbier	lage gisting, blond	5.2%	Brewery Slaghmuylder
Sloeber	high fermentation	7.5%	Brewery Roman
Smisje Kerst	donker amber	11%	Brewery Smisje
Smiske	blond	7%	Brewery Smisje
Smiske Bruin	dubbel	7%	Brewery Smisje
Smiske Extra	tripel	7%	Brewery Smisje
Smiske Winter	donker amber	11%	Brewery Smisje
Snaaskerstbier	kerstbier	8%	Brewery Deca
Snoek Blond	high fermentation	7.5%	Brewery Bavik voor “Mout- en Brouwhuis De Snoek”
Snoek Bruin	high fermentation	5.5%	Brewery Strubbe voor “Mout- en Brouwhuis De Snoek”
Snuffelbeer	goud, high fermentation	6%	Brewery De Regenboog
Sparta Pils	pils	5%	Brewery Van Steenberge
Special 6 Block	amber, high fermentation	6%	Brewery De Block
Special De Ryck	high fermentation, amber	5.5%	Brewery De Ryck
Special Extra Export Stout	stout	9%	De Dolle Brouwers
Special Roman	bruin	5.5%	Brewery Roman
Speciale 1900	amber	5%	Brewery Haacht
Spéciale de Brabant	pils	5.3%	Groep John Martin
Speculoos Bier	high fermentation (etiketbier)	8%	Brasserie d'Ecaussinnes
Spelziale	ale	4.5%	Brasserie Millevertus
Spioenkopje	fruitbier, witbier	5%	Brewery Strubbe voor den Haene
Spitfire Oud Balegems	amber	8.0%	Brewery Van Steenberge
Sint-Amatus	quadrupel	10.5%	De Struise Brouwers bij Brewery Deca
St. Bernardus Abt 12	high fermentation	10.5%	Brewery St. Bernardus
St. Bernardus Christmas Ale	kerstbier	10%	Brewery St. Bernardus
St. Bernardus Pater 6	high fermentation	6.7%	Brewery St. Bernardus
St. Bernardus Prior 8	high fermentation	8%	Brewery St. Bernardus
St. Bernardus Tripel	high fermentation	8%	Brewery St. Bernardus
St. Bernardus Witbier	witbier	5.5%	Brewery St. Bernardus
Sint-Idesbald Réserve Ten Duinen Blond	Erkend Belgisch Abbey Beer	6.5%	Brewery Huyghe
Sint-Idesbald Réserve Ten Duinen Dubbel	Erkend Belgisch Abbey Beer	8%	Brewery Huyghe
Sint-Idesbald Réserve Ten Duinen Rousse	Erkend Belgisch Abbey Beer	7%	Brewery Huyghe
Sint-Idesbald Réserve Ten Duinen Tripel	Erkend Belgisch Abbey Beer, tripel	9%	Brewery Huyghe
St. Benoit Blonde	Abbey Beer	6.3%	Brasserie du Bocq
St. Benoit Brune	Abbey Beer	6.5%	Brasserie du Bocq
St. Feuillien Blonde	[Erkend Belgisch Abbey Beer	7.5%	Brewery St-Feuillien
St. Feuillien Brune Réserve	Erkend Belgisch Abbey Beer	7.5%	Brewery St-Feuillien
Grand Cru St-Feuillien Grand Cru	Erkend Belgisch Abbey Beer	9.5%	Brasserie Saint Feuillien
St. Feuillien Triple	Erkend Belgisch Abbey Beer	8.5%	Brewery St-Feuillien
St. Feuillien Cuvée de Noël	Erkend Belgisch Abbey Beer, kerstbier	8.5%	Brewery St-Feuillien
St. Firminus Blond	Abbey Beer		Brasserie Du Bocq
St. Firminus Bruin	Abbey Beer		Brasserie Du Bocq
St. Louis Cassis	fruitbier	4.5%	Brewery Van Honsebrouck
St. Louis Framboise	frambozenbier	5%	Brewery Van Honsebrouck
St. Louis Frambozen(bier)	frambozenbier	5%	Brewery Van Honsebrouck
St. Louis Gueuze	geuze	5%	Brewery Van Honsebrouck
St. Louis Gueuze Fond Tradition	geuze	5%	Brewery Van Honsebrouck
St. Louis Kriek Lambic	kriek	4.5%	Brewery Van Honsebrouck
St. Louis Peche	fruitbier	3.5%	Brewery Van Honsebrouck
St. Louis Premium Cassis	fruitbier	3.2%	Brewery Van Honsebrouck
St. Louis Premium Faro	faro	3.2%	Brewery Van Honsebrouck
St. Louis Premium Framboise	fruitbier	2.8%	Brewery Van Honsebrouck
St. Louis Premium Kriek	kriek	3.2%	Brewery Van Honsebrouck
St. Louis Premium Pêche	fruitbier	2.6%	Brewery Van Honsebrouck
St. Paul Blond	Abbey Beer	5.3%	Brasserie du Bocq voor Brewery Sterkens
St. Paul Double	Abbey Beer	6.9%	Brasserie du Bocq voor Brewery Sterkens
St. Paul Speciale	Abbey Beer	5.5%	Brasserie du Bocq voor Brewery Sterkens
St. Paul Tripel	Abbey Beer, tripel	5%	Brasserie du Bocq voor Brewery Sterkens
St. Sebastiaan Dark	Abbey Beer	6.9%	Brasserie du Bocq voor Brewery Sterkens
St. Sebastiaan Grand Cru	Abbey Beer	7.6%	Brasserie du Bocq voor Brewery Sterkens
Star Blond	blond	0.4%	Brewery Haacht
Steenbrugge Blond	Abbey Beer, blond	6.5%	Brewery Palm
Steenbrugge Dubbel Bruin	Abbey Beer, tripel, bruin	6.5%	Brewery Palm (vroeger in Brewery De Gouden Boom)
Steenbrugge Tripel	Abbey Beer	8.7%	Brewery Palm (vroeger in Brewery De Gouden Boom)
Steenbrugge Wit	witbier	5%	Brewery Palm
Steendonk	witbier	4.5%	Brewery Duvel Moortgat
Steenuilke	high fermentation	6.5%	Brewery De Rijck
Stella Artois	pils, lage gisting	5.2%	InBev
Stepa	tripel, suikervrij	8%	De Proefbrouwerij voor Stepaja bvba
Stille Nacht	donker	12%	De Dolle Brouwers
Stoeren Bonk	amber	6.3%	Brewery Van Steenberge
Stoeren Bonk Blond	blond	8%	Brewery Van Steenberge
Stout Leroy	zoete stout	5%	Brewery Het Sas
Stoute Bie	donkerbruin	5.5%	Brewery De Bie
Stouterik	stout	4.5%	Brewery De Ranke voor Brasserie de la Senne
Straffe Hendrik	high fermentation, tripel	9%	Brewery De Halve Maan
Straffe Hendrik Quadrupel	high fermentation, speciaalbier	11%	Brewery De Halve Maan
Straffe Toeback	high fermentation	9.5%	Scheldebrouwerij
Straffe Winter	geuze	8%	Geuzestekerij 3 fonteinen
Strandgaper	goud	6.2%	De Scheldebrouwerij
Strandjuttersbier Mong De Vos	quadrupel	9.2%	Brewery Strubbe voor bierfirma Den Haene
Stropken	amber	7%	Brewery Bios
Strubbe Pils	pils	5.2%	Brewery Strubbe
Struise Rosse	high fermentation, Belgische pale ale	5%	De Struise Brouwers bij Brewery Deca
Struise Witte	high fermentation	5%	De Struise Brouwers bij Brewery Deca
Struiselensis	high fermentation, Belgische blonde ale	7%	De Struise Brouwers bij Brewery Deca
Suma Pils	etiketbier	5%	Brewery Het Sas
Super 64	high fermentation, amber	5%	Brasserie de Silly
Super des Fagnes Blonde	high fermentation, blond	7.5%	Brasserie des Fagnes
Super des Fagnes Brune	high fermentation, bruin	7.5%	Brasserie des Fagnes
Super des Fagnes Griottes	high fermentation, kriek	4.8%	Brasserie des Fagnes
Superpils	pils	4.3%	Brewery Strubbe
Sur-les-Bois Ambrée	high fermentation	8%	Brasserie La Botteresse de Sur-les-Bois
Sur-les-Bois Blonde	high fermentation	7%	Brasserie La Botteresse de Sur-les-Bois
Sur-les-Bois Brune	high fermentation	9%	Brasserie La Botteresse de Sur-les-Bois
Svea IPA	IPA	5%	De Struise Brouwers bij Brewery Deca
't Baronneke	stout	6.5%	't Hofbrouwerijke
't Gaverhopke Blondje	high fermentation	6.8%	Brewery 't Gaverhopke
't Gaverhopke Bruintje	high fermentation	6.8%	Brewery 't Gaverhopke
't Gaverhopke Kerstbier	high fermentation, kerstbier	6.8%	Brewery 't Gaverhopke
't Gaverhopke Kriek	high fermentation, fruitbier	6.8%	Brewery 't Gaverhopke
't Gaverhopke Paasbier	high fermentation, paasbier	8%	Brewery 't Gaverhopke
't Schoenlappertje	zwarte-bessenbier	6.5%	De Scheldebrouwerij
't Smisje + dubbel IPA	IPA	10%	Brewery De Regenboog
't Smisje Banananbier	fruitbier	6%	Brewery De Regenboog
't Smisje BBBourgondier	high fermentation	12%	Brewery De Regenboog
't Smisje Blond	high fermentation	6%	Brewery De Regenboog
't Smisje Calva Reserva	high fermentation	12%	Brewery De Regenboog
't Smisje Catherine The Great Imperial Stout	stout	10%	Brewery De Regenboog
't Smisje Cuvee 2005	high fermentation	10%	Brewery De Regenboog
't Smisje Dubbel	high fermentation	9%	Brewery De Regenboog
't Smisje Fiori	high fermentation	7%	Brewery De Regenboog
't Smisje Grande Reserva	high fermentation	11%	Brewery De Regenboog
't Smisje Great Reserva	high fermentation	10%	Brewery De Regenboog
't Smisje Halloween	high fermentation	10.5%	Brewery De Regenboog
't Smisje Honing	honingbier	6%	Brewery De Regenboog
't Smisje Honingbier Bruin	honingbier	6%	Brewery De Regenboog
't Smisje Kuvee Elektrik 979 W	high fermentation	9%	Brewery De Regenboog
't Smisje Meso	high fermentation	2.5%	Brewery De Regenboog
't Smisje Sleedoornbier	fruitbier	6%	Brewery De Regenboog
't Smisje Sleedoorn Extra	fruitbier	7%	Brewery De Regenboog
't Smisje Speciaal	high fermentation	10.5%	Brewery De Regenboog
't Smisje Tripel	tripel	9%	Brewery De Regenboog
't Zelfde	blond	4%	Brewery Bosteels
't Zwarte Gat Bier	donkerblond	6%	Brewery De Regenboog
Taras Boulba	blond	4.5%	Brewery De Ranke voor Brasserie de la Senne
Tatsevoet	speciale belge	6%	Brewery Het Alternatief bij Brewery Alvinne
Tempelier	speciaalbier	6%	Brasserie du Bocq voor Brewery Corsendonk
Ter Dolen Blond	blond	6.1%	Kasteelbrouwerij De Dool
Ter Dolen Donker	bruin	7.1%	Brewery Ter Dolen
Ter Dolen Kriek	fruitbier	4.5%	Brewery Ter Dolen
Ter Dolen Tripel	tripel	8.1%	Brewery Ter Dolen
Terracotta	blond	7%	Brewery De Regenboog
Thouroutenaere	blond	8.5%	Alken-Maes (Heineken)
Timmermans Caveau Gueuze	geuze	5.5%	Brewery Timmermans
Timmermans Faro Lambic	faro	4%	Brewery Timmermans
Timmermans Framboise Lambic	fruitbier	4%	Brewery Timmermans
Timmermans Gueuze Lambic	geuze	5%	Brewery Timmermans
Timmermans Kriek Lambic	kriek	4%	Brewery Timmermans
Timmermans Kriek Retro	fruitbier	5%	Brewery Timmermans
Timmermans Lambicus Blanche	witbier	4.5%	Brewery Timmermans
Timmermans Oude Gueuze	lambiek	5.5%	Brewery Timmermans
Timmermans Oude Kriek	kriekenlambiek	5.5%	Brewery Timmermans
Timmermans Pêche Lambic	fruitbier	4%	Brewery Timmermans
Timmermans Strawberry Lambic	fruitbier	4%	Brewery Timmermans
Timmermans Warme Kriek	kriek	4%	Brewery Timmermans
Tineke Van Heule	high fermentation	8%	Brewery Gulden Spoor
Titje	high fermentation, witbier	5%	Brasserie de Silly
Toetëlèr Amber Tripel	tripel	8.5%	Brewery Den Toetëlèr
Toetëlèr Speculaas	speculaasbier	8.5%	Brewery Den Toetëlèr
Toetëlèr Wit	witbier	5.2%	Brewery Den Toetëlèr
Tongerlo Blond	high fermentation, Abbey Beer	6%	Brewery Haacht
Tongerlo Bruin	high fermentation, Abbey Beer	6%	Brewery Haacht
Tongerlo Christmas	high fermentation, Abbey Beer	6.5%	Brewery Haacht
Tongerlo Tripel	high fermentation, Abbey Beer	8%	Brewery Haacht
Tongerlo Prior	high fermentation, Abbey Beer	8%	Brewery Haacht
Tonneke	high fermentation, amber	5%	Brewery Contreras
Toria Blond	high fermentation	6.5%	Brewery De Graal voor De Hoevebrouwers
Toria Tripel	high fermentation, tripel	8.7%	Brewery De Graal voor De Hoevebrouwers
Totentrekker	amber	5.5%	De Proefbrouwerij voor Buitenlust
Tournay	high fermentation	6.7%	Brasserie de Cazeau
Tournay de Noël	stout, kerstbier	8.2%	Brasserie de Cazeau
Tournay Noire	stout	7.6%	Brasserie de Cazeau
Tournée Générale	spéciale belge	6.5%	Brewery Duvel Moortgat
Tournée Générale Tripel Hop	blond, high fermentation	7.5%	Brewery Palm
Toverhekske	amber	5.9%	Brewery Walrave
Trammelantje	amber	6.5%	Brewery Strubbe voor Bierfirma Den Haene
Trappieter	amber	6.5%	De Proefbrouwerij voor Bierfirma Trappieter
Tremist	high fermentation, blond	6%	Brewery Van Eecke voor Extremis
Triest Blond	high fermentation	6%	Microbrouwerij Den Triest
Triest Dubbel	high fermentation	8%	Microbrouwerij Den Triest
Triest Kriek	witbier, fruitbier	5.2%	Microbrouwerij Den Triest
Triest Tripel	high fermentation, tripel	7.5%	Microbrouwerij Den Triest
Triest X-mas	high fermentation, kerstbier	8.5%	Microbrouwerij Den Triest
Tripel Kanunnik	tripel	8.2%	Brewery en stokerij Wilderen
Tripel Karmeliet	tripel	8.4%	Brewery Bosteels
Tripel Klok	tripel	8.5%	Brewery Boelens
Triple de Brabant	tripel, blond	8.5%	Groep John Martin
Triple Moine	tripel	7.3%	Brasserie Du Bocq
Trisser	tripel	7.5%	De Proefbrouwerij voor De Verhuisbrouwerij
Triverius	tarwebier	6.8%	Brewery De Graal
Troubadour Blond	blond	6.5%	De Proefbrouwerij voor Brewery The Musketeers
Troubadour Imperial Stout	imperial stout	9%	De Proefbrouwerij voor Brewery The Musketeers
Troubadour Magma	tripel India Pale Ale	9%	De Proefbrouwerij voor Brewery The Musketeers
Troubadour Obscura	stout	8.2%	De Proefbrouwerij voor Brewery The Musketeers
Troubadour Spéciale	speciale belge	5.7%	De Proefbrouwerij voor Brewery The Musketeers
Troublette	witbier	5%	Brasserie Caracole
TRPL	high fermentation, biologisch, tripel	8%	De Proefbrouwerij voor Brewery Jessenhofke
Tsjeeses	high fermentation, blond	10%	De Struise Brouwers
Tsjeeses Reserva	high fermentation, goud	10%	De Struise Brouwers
Tumulus 800	tarwebier	6%	De Proefbrouwerij in opdracht van De Kale Ridders
Tumulus Aura	tarwebier	5.5%	De Proefbrouwerij in opdracht van De Kale Ridders
Tumulus Magna	tarwebier	9%	De Proefbrouwerij in opdracht van De Kale Ridders
Tumulus Nera	tarwebier	8%	De Proefbrouwerij in opdracht van De Kale Ridders
Turnhoutse Patriot	saison	6.5%	Scheldebrouwerij voor Hobbybrouwerij Het Nest
Tuverbol	gemengde gisting	11%	Brewery Loterbol
Uilenspiegelbier	dubbel	7%	Brewery Van Steenberge
Uitzet 1730	tripel	6.8%	Brewery Van Steenberge voor Brewery Paeleman
Uitzet Kriekbier	fruitbier	7.5%	Brewery Van Steenberge voor Brewery Paeleman
Ulricher Extra	pils	5%	Brewery Girardin
Ultra Ambrée	ale, amber, high fermentation	7%	Brasserie d'Ecaussinnes
Ultra Fraîche	lichtblond	3.5%	Brasserie d'Ecaussinnes
Ultra Soif	blond, high fermentation	5%	Brasserie d'Ecaussinnes
Ultramour	fruitbier	5%	Brasserie d'Ecaussinnes
Ultra Blonde	blond	8%	Brasserie d'Ecaussinnes
Ultradélice	bruin	8%	Brasserie d'Ecaussinnes
Ultrabrune	donkerbruin	10%	Brasserie d'Ecaussinnes
Unkerzak			De Proefbrouwerij
Urchon	high fermentation	7.5%	Brasserie des Légendes
Urthel Hop-It	blonde India Pale Ale	9.5%	Brewery De Koningshoeven in opdracht van Brewery Urthel
Urthel Hibernus Quentum	tripel	9%	Brewery De Leyerth
Urthel Parlus Magnificum	donkerbruin	7.5%	Brewery De Leyerth
Urthel Saisonnière	blond speciaalbier	6.0%	Brewery De Koningshoeven in opdracht van Brewery Urthel
Urthel Samaranth	amberkleurig speciaalbier, high fermentation	11.5%	Brewery De Koningshoeven in opdracht van Brewery Urthel
Urthel Tonicum Finiboldus	amber	7.5%	Brewery De Leyerth
Val-Dieu Blonde	Erkend Belgisch Abbey Beer	6%	Brewery Val-Dieu
Val-Dieu Brune	Erkend Belgisch Abbey Beer	8%	Brewery Val-Dieu
Val-Dieu Grand Cru	Erkend Belgisch Abbey Beer	10.5%	Brewery Val-Dieu
Val-Dieu Triple	Erkend Belgisch Abbey Beer, tripel	9%	Brewery Val-Dieu
Valeir Blond	high fermentation, blond	6.5%	Brewery Contreras
Valeir Divers	high fermentation, tripel	8.5%	Brewery Contreras
Valeir Donker	high fermentation	6.5%	Brewery Contreras
Valeir Extra	high fermentation, IPA	6.5%	Brewery Contreras
Vanderghinste oud bruin	West-Vlaams roodbruin	5.5%	Brewery Bockor
Vapeur cochonne	Belgian ale	9%	Brasserie à Vapeur
Vapeur en folie	Belgian ale	8%	Brasserie à Vapeur
Vedett Extra Blond	blond	5.2%	Brewery Duvel Moortgat
Vedett Extra White	witbier	4.7%	Brewery Duvel Moortgat
Verhaeghe Pils	pils	5.1%	Brewery Verhaeghe
Vicardin	tripel-gueuze	7%	Brewery Dilewyns
Vicaris Generaal	high fermentation	8.8%	Brewery Dilewyns
Vicaris Kerst	high fermentation, kerstbier	10%	Brewery Dilewyns
Vicaris Tripel	high fermentation, tripel	8.5%	Brewery Dilewyns
Vicaris Quinto	high fermentation	5%	Brewery Dilewyns
Vichtenaar	roodbruine ale	5.1%	Brewery Verhaeghe
Vieux Bruges Blanche	etiketbier, witbier	4.5%	Brewery Van Honsebrouck
Vieux Bruges Framboise(s)	fruitbier	5%	Brewery Van Honsebrouck
Vieux Bruges Gueuze	geuze	5%	Brewery Van Honsebrouck
Vieux Bruges Kriek	etiketbier	3.2%	Brewery Van Honsebrouck
Vieux Bruges Kriek Lambic	etiketbier	5%	Brewery Van Honsebrouck
Vieux Bruges Peche	fruitbier	3.5%	Brewery Van Honsebrouck
Vieux Bruxelles Gueuze	etiketbier	5%	Brewery Van Honsebrouck
Vieux Bruxelles Kriek	etiketbier	4%	Brewery Van Honsebrouck
Vieux Temps	speciale belge	5.2%	AB Inbev
Vingeronne	fruitbier, lambiek	6%	Brewery Cantillon
Villers Tripel	Abbey Beer, tripel	8%	Brewery Huyghe
Villers Vieille	Abbey Beer	7%	Brewery Huyghe
Viven Ale	speciale belge	5%	De Proefbrouwerij voor Beerdevelopment Viven
Viven Blond	blond	6.1%	De Proefbrouwerij voor Beerdevelopment Viven
Viven Bruin	dubbel	6.1%	De Proefbrouwerij voor Beerdevelopment Viven
Viven Imperial IPA	Imperial IPA	8%	De Proefbrouwerij voor Beerdevelopment Viven
Viven Porter	smoked Porter	7%	De Proefbrouwerij voor Beerdevelopment Viven
Vlaamsch Wit	witbier	4.5%	Brewery Van Honsebrouck
Vlaamsche Leeuw Blondje	blond	5.5%	Brewery Van Steenberge voor De Brewery van Vlaanderen
Vlaamsche Leeuw Donker	bruin	7.5%	Brewery Van Steenberge voor De Brewery van Vlaanderen
Vlaamsche Leeuw Tripel	tripel	8.5%	Brewery Van Steenberge voor De Brewery van Vlaanderen
Vlasbier	blond	6.5%	Brewery Van Eecke
Vlaskapelle	Vlaams roodbruin	5%	Brewery Gulden Spoor
Vlaskop	witbier	5.5%	Brewery Strubbe
Vleteren Alt	ale donker	8%	Brewery Deca
Vleteren Super 8 Blond	blond	8%	Brewery Deca
Vondel	donkerbruin	8.5%	Brewery Liefmans
Vossen met de Meynen Blond	etiketbier	6.5%	Brewery Het Anker
Vossen met de Meynen 69	high fermentation, blond	6.9%	Brewery Hof ten Dormaal
Vurig Bierreke	tripel	11.5%	Brewery DijkWaert
Vuuve	witbier	5%	Brewery De Regenboog
Waas Klok Bier Bruin	donker	8.5%	Brewery Boelens
Waas Klok Bier Tripel	tripel	8.5%	Brewery Boelens
Waase Wolf	amber	6%	Brewery Boelens
Waaslander	witbier	5%	Brewery Boelens
Waterloo Double 8 Dark	bruin	8.5%	Brasserie Du Bocq
Waterloo Tripel 7 Blond	blond	7.5%	Brasserie Du Bocq
Watneys Scotch Ale	scotch	8%	Alken-Maes
Watou Tripel	tripel	7.5%	Brewery St. Bernardus
Watou's Wit	witbier	5%	Brewery Van Eecke
Wechelse Tripel	etiketbier	7.5%	Brewery St. Bernardus voor café Den Toerist
West Pils	pils	5%	Brewery Het Sas
Westhoek	high fermentation	6%	De Struise Brouwers
Westhoek XX	high fermentation	6%	De Struise Brouwers
Westmalle Dubbel	trappist	7%	Brewery Westmalle
Westmalle Tripel	trappist	9.5%	Brewery Westmalle
Westvleteren Blond	trappist	5.8%	Sint-Sixtusabdij van Westvleteren
Westvleteren Zes	trappist	6.2%	Sint-Sixtusabdij van Westvleteren
Westvleteren Acht	trappist	8%	Sint-Sixtusabdij van Westvleteren
Westvleteren Twaalf	trappist	10.2%	Sint-Sixtusabdij van Westvleteren
Wevelgemse Tripel	tripel	8%	Brewery De Ranke voor Bierwinkel Bacelle
White by Mystic	witbier	5.1%	Brewery Haacht
Wieze Christmas Tripel Hop	tripel kerstbier	8%	Brewery Wieze
Wieze Tripel Blond	tripel	8%	Brewery Wieze
Wieze Tripel zoet Bruin	tripel	8%	Brewery Wieze
Wildebok	high fermentation, bockbier	6.5%	De Scheldebrouwerij
Wilderen Goud	high fermentation	6.2%	Brewery Wilderen
Wilderen Kriek	kriek	3.5%	Brewery Wilderen
Willy Kriegelbier	donkerblond	7%	Huisbrouwerij Sint Canarus
Winterkoninck	robijnrood	6.5%	Brewery De Koninck (Duvel-Moortgat)
Winterkoninkske	high fermentation	8.3%	Brewery Sint-Jozef voor brouwerij Kerkom
Winterkoninkske Haspengouwse Grand Cru	high fermentation, kerstbier	13%	Brewery Sint-Jozef voor brouwerij Kerkom
Wintersnood	winterbier	6.4%	‘t Hofbrouwerijke voor De Verhuisbrouwerij
Wit Goud	high fermentation	8%	Brewery Hof ten Dormaal
Witheer	witbier	5%	Scheldebrouwerij
Witkap Pater Dubbel	high fermentation, bruin	7%	Brewery Slaghmuylder
Witkap Pater Special	high fermentation, amber	5.5%	Brewery Slagmuylder
Witkap Pater Stimulo	high fermentation, blond	6%	Brewery Slaghmuylder
Witkap Pater Tripel	high fermentation, tripel	7.5%	Brewery Slagmuylder
Witte Pol	witbier	5.6%	Brewery Inter-Pol
Wittekerke	witbier	5%	Brewery Bavik
Wittekerke Passion	witbier, fruitbier	5.8%	Brewery Bavik
Wittekerke Rosé	witbier, fruitbier	4.3%	Brewery Bavik
Wittoen	high fermentation, tripel	7%	Brewery Strubbe
Wolf 7	blond	7.4%	Brewery Lupus
Wolf 8	donkerbruin	8.5%	Brewery Lupus
Wolf 9	amber	9%	Brewery Lupus
Wostyntje	mosterdbier	7%	Brewery De Regenboog
Xenophon’s Wine		11%	De Struise Brouwers
X-Mas Beer	high fermentation, blond	8.5%	Brewery Contreras
XX Bitter	high fermentation, blond	6.2%	Brewery De Ranke
Yperman	ale	5.5%	Brewery Het Sas
Yellow Mortal	ale	7.2%	Brewery Mortal's Beers
Zatte Bie	donker	9%	Brewery De Bie
Zeezuiper	goudblonde tripel	8%	De Scheldebrouwerij
Zennenat	high fermentation	6.0%	Brewery Den Herberg
Zeunt	high fermentation	7%	De Proefbrouwerij voor het Zeuntcomité
Zeven Zonden Gula	high fermentation, winterbier	9%	Brewery Gulden Spoor voor bierfirma Hugel
Zeven Zonden Luxuria	high fermentation, winterbier	8.5%	Brewery Gulden Spoor voor bierfirma Hugel
Zingende Blondine	high fermentation	9.8%	Brewery 't Gaverhopke
Zinnebir	blond	5.8%	Brewery De Ranke voor Brasserie de la Senne
Zonderik 100	blond, high fermentation	7%	De Proefbrouwerij voor Zonderik Beer Company
Zonderik Dubbel Donker	high fermentation	8%	De Proefbrouwerij voor Zonderik Beer Company
Zonderik Tripel	blond, tripel	8%	De Proefbrouwerij voor Zonderik Beer Company
Zonderix	amber, tripel	10%	De Proefbrouwerij voor Zonderik Beer Company
Zonnegemse Zot	amber	7.1%	De Proefbrouwerij voor Oude Brewery van Zonnegem vzw
Zottegemse Grand Cru	amber	8.4%	Brewery Strubbe voor Brewery Crombé
ZUIDerbierke	high fermentation, bruinrood	8.2%	Brewery Donum Ignis
Zulte	high fermentation, licht bruin	4.7%	Alken-Maes (Heineken)
Zwalmse Tripel	tripel	8%	De Proefbrouwerij voor de gemeente Zwalm
Zwarte Pol	stout	6.5%	Brewery Inter-Pol
Zwet.be	stout	7%	De Proefbrouwerij voor Geuzestekerij 3 Fonteinen
Zwijntje	blond (etiketbier)	8%	Brewery Bios